-- MySQL dump 10.13  Distrib 8.1.0, for macos13.3 (arm64)
--
-- Host: localhost    Database: db_two
-- ------------------------------------------------------
-- Server version	8.1.0

/*!40101 SET @OLD_CHARACTER_SET_CLIENT=@@CHARACTER_SET_CLIENT */;
/*!40101 SET @OLD_CHARACTER_SET_RESULTS=@@CHARACTER_SET_RESULTS */;
/*!40101 SET @OLD_COLLATION_CONNECTION=@@COLLATION_CONNECTION */;
/*!50503 SET NAMES utf8mb4 */;
/*!40103 SET @OLD_TIME_ZONE=@@TIME_ZONE */;
/*!40103 SET TIME_ZONE='+00:00' */;
/*!40014 SET @OLD_UNIQUE_CHECKS=@@UNIQUE_CHECKS, UNIQUE_CHECKS=0 */;
/*!40014 SET @OLD_FOREIGN_KEY_CHECKS=@@FOREIGN_KEY_CHECKS, FOREIGN_KEY_CHECKS=0 */;
/*!40101 SET @OLD_SQL_MODE=@@SQL_MODE, SQL_MODE='NO_AUTO_VALUE_ON_ZERO' */;
/*!40111 SET @OLD_SQL_NOTES=@@SQL_NOTES, SQL_NOTES=0 */;

--
-- Table structure for table `customer`
--

DROP TABLE IF EXISTS `customer`;
/*!40101 SET @saved_cs_client     = @@character_set_client */;
/*!50503 SET character_set_client = utf8mb4 */;
CREATE TABLE `customer` (
  `id` varchar(36) COLLATE utf8mb4_general_ci NOT NULL,
  `created_at` timestamp(6) NOT NULL DEFAULT CURRENT_TIMESTAMP(6),
  `updated_at` timestamp(6) NOT NULL DEFAULT CURRENT_TIMESTAMP(6) ON UPDATE CURRENT_TIMESTAMP(6),
  `deleted_at` timestamp(6) NULL DEFAULT NULL,
  `cid` int NOT NULL COMMENT '고객 ID',
  `name` varchar(30) COLLATE utf8mb4_general_ci NOT NULL COMMENT '고객명',
  `customer_grade_id` varchar(36) COLLATE utf8mb4_general_ci DEFAULT NULL,
  PRIMARY KEY (`id`),
  KEY `FK_471df0ef4b07d7abad0abb71672` (`customer_grade_id`),
  CONSTRAINT `FK_471df0ef4b07d7abad0abb71672` FOREIGN KEY (`customer_grade_id`) REFERENCES `customer_grade` (`id`)
) ENGINE=InnoDB DEFAULT CHARSET=utf8mb4 COLLATE=utf8mb4_general_ci;
/*!40101 SET character_set_client = @saved_cs_client */;

--
-- Dumping data for table `customer`
--

LOCK TABLES `customer` WRITE;
/*!40000 ALTER TABLE `customer` DISABLE KEYS */;
INSERT INTO `customer` VALUES ('026cfdf3-d7ee-4b25-84ab-e1bcd185de52','2024-01-19 05:08:12.028654','2024-01-19 05:08:12.028654',NULL,5,'Lorraine Roy','8e19d850-e825-4596-8600-6def2f603bf9'),('032f81ca-2f18-4830-a4a0-eba888d2023a','2024-01-19 05:08:12.125029','2024-01-19 05:08:12.125029',NULL,46,'Samantha Roberts','a85741be-776f-499d-84c9-c91e03425805'),('06928d73-5ab2-41e6-ac65-97bc25032c90','2024-01-19 05:08:12.193372','2024-01-19 05:08:12.193372',NULL,98,'Isabella Marsh','76298380-7846-4b75-b6b3-fc71f7d84ee5'),('084e5b27-e4b0-48f7-8569-76b7a3c5ff6f','2024-01-19 05:08:12.161518','2024-01-19 05:08:12.161518',NULL,65,'Tony Munoz','76298380-7846-4b75-b6b3-fc71f7d84ee5'),('0875b44f-28fa-4322-bb51-b7043108b638','2024-01-19 05:08:12.144823','2024-01-19 05:08:12.144823',NULL,55,'David Williams','a85741be-776f-499d-84c9-c91e03425805'),('0ab72fa0-66ab-4982-a1f2-d68eef685571','2024-01-19 05:08:12.049304','2024-01-19 05:08:12.049304',NULL,20,'Michael Burton','a85741be-776f-499d-84c9-c91e03425805'),('0e45ba47-808f-41a4-9323-65d5b90cfefd','2024-01-19 05:08:12.163598','2024-01-19 05:08:12.163598',NULL,68,'Bobby Johnston','a85741be-776f-499d-84c9-c91e03425805'),('0e694c04-8250-404f-8b32-769702c52e69','2024-01-19 05:08:12.070854','2024-01-19 05:08:12.070854',NULL,36,'Jason Hansen','a85741be-776f-499d-84c9-c91e03425805'),('10382b21-307d-4391-8cf5-3d7ab4444d19','2024-01-19 05:08:12.178890','2024-01-19 05:08:12.178890',NULL,81,'Molly Jones','a85741be-776f-499d-84c9-c91e03425805'),('14d08316-a3d3-4e73-bd3c-3aed234fa610','2024-01-19 05:08:12.175052','2024-01-19 05:08:12.175052',NULL,76,'Erin Irwin','a85741be-776f-499d-84c9-c91e03425805'),('15e2a7e1-3fce-424a-9c93-715826187716','2024-01-19 05:08:12.048227','2024-01-19 05:08:12.048227',NULL,19,'Amy Doyle','8e19d850-e825-4596-8600-6def2f603bf9'),('163c5d26-ffca-4e9f-854d-e1f37ba0361a','2024-01-19 05:08:12.143559','2024-01-19 05:08:12.143559',NULL,54,'Linda Sheppard','a85741be-776f-499d-84c9-c91e03425805'),('1cfeb074-9808-42b5-b417-9758c056e8e2','2024-01-19 05:08:12.036880','2024-01-19 05:08:12.036880',NULL,11,'Veronica Miller','8e19d850-e825-4596-8600-6def2f603bf9'),('20a920bf-dbc7-4c2b-84c8-d5e828395364','2024-01-19 05:08:12.162961','2024-01-19 05:08:12.162961',NULL,67,'John Duke','76298380-7846-4b75-b6b3-fc71f7d84ee5'),('2210e1c2-519c-48e2-af1a-49531cdf7585','2024-01-19 05:08:12.162345','2024-01-19 05:08:12.162345',NULL,66,'Brooke Barnes','8e19d850-e825-4596-8600-6def2f603bf9'),('2331faae-2959-4d71-8ee5-432e0ecf2618','2024-01-19 05:08:12.051690','2024-01-19 05:08:12.051690',NULL,22,'Christopher Jones','76298380-7846-4b75-b6b3-fc71f7d84ee5'),('26bda858-fc75-4d51-ae0b-f382d802b05a','2024-01-19 05:08:12.147284','2024-01-19 05:08:12.147284',NULL,58,'Patrick Smith','a85741be-776f-499d-84c9-c91e03425805'),('2b659158-8e8d-4bb7-8246-d2b2718d60ca','2024-01-19 05:08:12.024993','2024-01-19 05:08:12.024993',NULL,2,'Timothy Cook','8e19d850-e825-4596-8600-6def2f603bf9'),('2b67dbf0-ed3a-4442-8fb8-6930676f85e4','2024-01-19 05:08:12.181029','2024-01-19 05:08:12.181029',NULL,84,'Rachel Taylor','a85741be-776f-499d-84c9-c91e03425805'),('2c17f922-58e5-41c2-b53e-0dc710248d26','2024-01-19 05:08:12.042922','2024-01-19 05:08:12.042922',NULL,13,'Crystal Cox PhD','8e19d850-e825-4596-8600-6def2f603bf9'),('2e5b3100-95ab-46e0-af39-fe0228f404c7','2024-01-19 05:08:12.192668','2024-01-19 05:08:12.192668',NULL,97,'George Hughes','a85741be-776f-499d-84c9-c91e03425805'),('32319448-fcf0-48db-bb35-6e9a6714be01','2024-01-19 05:08:12.078412','2024-01-19 05:08:12.078412',NULL,39,'Mrs. Toni Shepherd','a85741be-776f-499d-84c9-c91e03425805'),('323b2d0f-8a5e-4f2a-9212-dc7c3025908a','2024-01-19 05:08:12.073765','2024-01-19 05:08:12.073765',NULL,37,'Richard Johnson','a85741be-776f-499d-84c9-c91e03425805'),('3384a0f8-300a-43b1-85f9-1962fb11fc58','2024-01-19 05:08:12.183372','2024-01-19 05:08:12.183372',NULL,87,'Daniel Calhoun','76298380-7846-4b75-b6b3-fc71f7d84ee5'),('34fbac25-9ac0-4d00-aa2b-8b37dfd6fed2','2024-01-19 05:08:12.172209','2024-01-19 05:08:12.172209',NULL,73,'Charles Benjamin','8e19d850-e825-4596-8600-6def2f603bf9'),('35812de8-43ab-4b9c-a664-1e6af4a08a60','2024-01-19 05:08:12.045680','2024-01-19 05:08:12.045680',NULL,16,'Danielle Dyer','a85741be-776f-499d-84c9-c91e03425805'),('36f069f8-6737-4c58-b967-720e2c324708','2024-01-19 05:08:12.189022','2024-01-19 05:08:12.189022',NULL,93,'Shannon Henderson','a85741be-776f-499d-84c9-c91e03425805'),('3a47f4bd-8271-41ec-8202-20a55565c4b3','2024-01-19 05:08:12.160567','2024-01-19 05:08:12.160567',NULL,64,'Joseph Bennett','76298380-7846-4b75-b6b3-fc71f7d84ee5'),('3aee4e3b-e662-4e84-a8be-072c0148d273','2024-01-19 05:08:12.022880','2024-01-19 05:08:12.022880',NULL,1,'Timothy Williams','8e19d850-e825-4596-8600-6def2f603bf9'),('3ca2c403-ce53-4ee4-b3a2-91a2f41826f8','2024-01-19 05:08:12.058085','2024-01-19 05:08:12.058085',NULL,27,'Lisa Velazquez','76298380-7846-4b75-b6b3-fc71f7d84ee5'),('40bce365-c6e9-47a4-8877-622cfa07ce18','2024-01-19 05:08:12.146515','2024-01-19 05:08:12.146515',NULL,57,'Michele Rogers','a85741be-776f-499d-84c9-c91e03425805'),('414a1d1e-53c5-49d1-a043-2f43c9c4d693','2024-01-19 05:08:12.174279','2024-01-19 05:08:12.174279',NULL,75,'Tim Marshall','76298380-7846-4b75-b6b3-fc71f7d84ee5'),('44ab16dc-9c86-4a5d-839a-e1f30bbbccb6','2024-01-19 05:08:12.063437','2024-01-19 05:08:12.063437',NULL,33,'Anita Miller','8e19d850-e825-4596-8600-6def2f603bf9'),('47170f0c-eee8-4ac5-adad-b3926ca275b6','2024-01-19 05:08:12.194690','2024-01-19 05:08:12.194690',NULL,100,'Rita Beck','76298380-7846-4b75-b6b3-fc71f7d84ee5'),('4a6b7467-d821-4578-8886-a655e8295e26','2024-01-19 05:08:12.061557','2024-01-19 05:08:12.061557',NULL,31,'Gina Clark','76298380-7846-4b75-b6b3-fc71f7d84ee5'),('4b4b0e07-95a9-4f7f-9d18-3ea87f6fdffc','2024-01-19 05:08:12.052754','2024-01-19 05:08:12.052754',NULL,23,'Hannah Lin','8e19d850-e825-4596-8600-6def2f603bf9'),('4b6bf3e2-fdfd-4695-b2de-5abfa681aef6','2024-01-19 05:08:12.194020','2024-01-19 05:08:12.194020',NULL,99,'Jacob Montes','76298380-7846-4b75-b6b3-fc71f7d84ee5'),('51b2e151-da5e-4743-800e-723fec04076e','2024-01-19 05:08:12.157841','2024-01-19 05:08:12.157841',NULL,61,'Alicia Wilcox','76298380-7846-4b75-b6b3-fc71f7d84ee5'),('55151100-282e-4a75-8f99-53b5af7968d9','2024-01-19 05:08:12.054329','2024-01-19 05:08:12.054329',NULL,24,'Philip Farmer','a85741be-776f-499d-84c9-c91e03425805'),('556fd29b-28bf-49c4-8c6e-65f28118f6be','2024-01-19 05:08:12.136688','2024-01-19 05:08:12.136688',NULL,50,'Gary Barton','a85741be-776f-499d-84c9-c91e03425805'),('56970467-43f1-46f7-9d4d-2fa8527972ec','2024-01-19 05:08:12.031847','2024-01-19 05:08:12.031847',NULL,8,'Brian Maynard','a85741be-776f-499d-84c9-c91e03425805'),('5e6477ec-b69b-48f8-90a1-f857069ee4f6','2024-01-19 05:08:12.187739','2024-01-19 05:08:12.187739',NULL,92,'Chase Williams','76298380-7846-4b75-b6b3-fc71f7d84ee5'),('5f377e37-a646-4ec0-b99d-073346912a33','2024-01-19 05:08:12.082717','2024-01-19 05:08:12.082717',NULL,40,'Corey Owen','a85741be-776f-499d-84c9-c91e03425805'),('63dc3d8a-0b5a-420e-b1e6-5deb0f7aa478','2024-01-19 05:08:12.184331','2024-01-19 05:08:12.184331',NULL,88,'Beth Pace','76298380-7846-4b75-b6b3-fc71f7d84ee5'),('64c3ca5a-54d4-4a3e-9db2-07205e0dd7a3','2024-01-19 05:08:12.044973','2024-01-19 05:08:12.044973',NULL,15,'Joseph Brady Jr.','76298380-7846-4b75-b6b3-fc71f7d84ee5'),('6a8f52d0-03b8-47f6-bbb7-1cfef8eb48cc','2024-01-19 05:08:12.168980','2024-01-19 05:08:12.168980',NULL,71,'Kim Day','76298380-7846-4b75-b6b3-fc71f7d84ee5'),('6b5eee88-ae75-4626-b23b-8297040a0dd7','2024-01-19 05:08:12.064861','2024-01-19 05:08:12.064861',NULL,34,'Rebecca White','76298380-7846-4b75-b6b3-fc71f7d84ee5'),('6b9e1d80-63b9-4810-b249-ea1549704832','2024-01-19 05:08:12.156713','2024-01-19 05:08:12.156713',NULL,60,'Brandon Hamilton','a85741be-776f-499d-84c9-c91e03425805'),('6d2f1a4e-a47a-4e0c-8f57-bbc3af2fd5b6','2024-01-19 05:08:12.055466','2024-01-19 05:08:12.055466',NULL,25,'Meredith Atkins','a85741be-776f-499d-84c9-c91e03425805'),('6dcd496f-4902-40c2-a665-b7a204232403','2024-01-19 05:08:12.177341','2024-01-19 05:08:12.177341',NULL,79,'Emily Jones','a85741be-776f-499d-84c9-c91e03425805'),('6fd6db3b-a515-4ec9-8dd9-1f4702154c88','2024-01-19 05:08:12.041374','2024-01-19 05:08:12.041374',NULL,12,'Kirsten Bass','76298380-7846-4b75-b6b3-fc71f7d84ee5'),('7030b222-f534-4af4-bc34-eb5d74e9e5eb','2024-01-19 05:08:12.044210','2024-01-19 05:08:12.044210',NULL,14,'Veronica Myers','8e19d850-e825-4596-8600-6def2f603bf9'),('709bd6d1-f421-4967-8880-a85ba6553260','2024-01-19 05:08:12.123275','2024-01-19 05:08:12.123275',NULL,44,'Casey Chavez','a85741be-776f-499d-84c9-c91e03425805'),('7bb44c13-f988-4c61-a8ef-307551405e72','2024-01-19 05:08:12.138374','2024-01-19 05:08:12.138374',NULL,51,'Michael Salas','76298380-7846-4b75-b6b3-fc71f7d84ee5'),('7bbbe3be-8354-44c4-bd7f-740d11b75262','2024-01-19 05:08:12.059873','2024-01-19 05:08:12.059873',NULL,29,'Lori Li','a85741be-776f-499d-84c9-c91e03425805'),('7c315450-d2a9-4194-919f-d5db8aef6d73','2024-01-19 05:08:12.027448','2024-01-19 05:08:12.027448',NULL,4,'Amber Johnson','76298380-7846-4b75-b6b3-fc71f7d84ee5'),('7e604845-d74a-4368-a125-c9479ec88222','2024-01-19 05:08:12.186586','2024-01-19 05:08:12.186586',NULL,91,'Brian Hubbard','8e19d850-e825-4596-8600-6def2f603bf9'),('8376c502-887e-4132-9e26-6e1409650ca6','2024-01-19 05:08:12.191907','2024-01-19 05:08:12.191907',NULL,96,'Penny Lawrence','8e19d850-e825-4596-8600-6def2f603bf9'),('83dfe0b1-a623-4465-aaeb-f0d54dba6bc9','2024-01-19 05:08:12.190457','2024-01-19 05:08:12.190457',NULL,94,'Caroline Garrett','8e19d850-e825-4596-8600-6def2f603bf9'),('880ccb67-8061-4756-bbb8-bf4033660133','2024-01-19 05:08:12.118806','2024-01-19 05:08:12.118806',NULL,42,'Sara Hill','a85741be-776f-499d-84c9-c91e03425805'),('8ad38415-e27e-4a21-a7c1-9616b04cfb7c','2024-01-19 05:08:12.029678','2024-01-19 05:08:12.029678',NULL,6,'Joshua Snyder','76298380-7846-4b75-b6b3-fc71f7d84ee5'),('8d4d07bf-e484-40c2-a470-01ac4f118ecd','2024-01-19 05:08:12.173390','2024-01-19 05:08:12.173390',NULL,74,'Kyle Green','76298380-7846-4b75-b6b3-fc71f7d84ee5'),('906f787c-c86e-4051-b9d7-a75a7fdc98b2','2024-01-19 05:08:12.145702','2024-01-19 05:08:12.145702',NULL,56,'Daniel Martinez','8e19d850-e825-4596-8600-6def2f603bf9'),('93484aab-f150-4119-ae5a-8d6fbe378da0','2024-01-19 05:08:12.127244','2024-01-19 05:08:12.127244',NULL,47,'Mary Kelly','a85741be-776f-499d-84c9-c91e03425805'),('94b5dd2d-8af2-48de-8fd5-e81d79c2a0de','2024-01-19 05:08:12.046360','2024-01-19 05:08:12.046360',NULL,17,'Mrs. Michelle Dixon','76298380-7846-4b75-b6b3-fc71f7d84ee5'),('9692a73c-c87d-4f51-b1b9-7d2111084ffe','2024-01-19 05:08:12.032909','2024-01-19 05:08:12.032909',NULL,9,'Samuel Martinez','a85741be-776f-499d-84c9-c91e03425805'),('9af49e8d-dda1-4639-afd2-4c6d1e45e415','2024-01-19 05:08:12.164957','2024-01-19 05:08:12.164957',NULL,69,'Alicia Ray','a85741be-776f-499d-84c9-c91e03425805'),('9e59050a-96a0-47a7-80fe-70bf17beeb0b','2024-01-19 05:08:12.030803','2024-01-19 05:08:12.030803',NULL,7,'Patricia White','76298380-7846-4b75-b6b3-fc71f7d84ee5'),('a0bc9191-7b0c-4e50-b715-c35ecb7c9cf8','2024-01-19 05:08:12.185689','2024-01-19 05:08:12.185689',NULL,90,'Jamie Walter DVM','76298380-7846-4b75-b6b3-fc71f7d84ee5'),('a531b94d-d879-4139-a506-d682bdaf4506','2024-01-19 05:08:12.185018','2024-01-19 05:08:12.185018',NULL,89,'Beverly Smith MD','76298380-7846-4b75-b6b3-fc71f7d84ee5'),('a8a6e225-26c3-4d20-a6b4-2f7c507c3fad','2024-01-19 05:08:12.179666','2024-01-19 05:08:12.179666',NULL,82,'Charles Walter','a85741be-776f-499d-84c9-c91e03425805'),('ac305234-15db-4320-a504-cd2997399b73','2024-01-19 05:08:12.170819','2024-01-19 05:08:12.170819',NULL,72,'Darryl Rojas','a85741be-776f-499d-84c9-c91e03425805'),('b0397be6-bdd2-40f7-9736-a1abc98554d1','2024-01-19 05:08:12.130481','2024-01-19 05:08:12.130481',NULL,48,'Jason Freeman','8e19d850-e825-4596-8600-6def2f603bf9'),('b2cf622e-eb4f-48f3-bb7c-cfd38353e5a0','2024-01-19 05:08:12.134691','2024-01-19 05:08:12.134691',NULL,49,'Taylor Johnson','a85741be-776f-499d-84c9-c91e03425805'),('b2f8ad3a-8a36-4e33-9560-720ff67246a4','2024-01-19 05:08:12.175834','2024-01-19 05:08:12.175834',NULL,77,'Alexander Rice','76298380-7846-4b75-b6b3-fc71f7d84ee5'),('b4ffd3b4-713e-4d67-bd0f-f18940ac7cbc','2024-01-19 05:08:12.068140','2024-01-19 05:08:12.068140',NULL,35,'Sherri Martin','8e19d850-e825-4596-8600-6def2f603bf9'),('b7294ac0-dd79-4746-a20b-52ca898f1428','2024-01-19 05:08:12.191181','2024-01-19 05:08:12.191181',NULL,95,'Lisa Lopez','76298380-7846-4b75-b6b3-fc71f7d84ee5'),('bb836b96-0eff-4194-86ac-8b74b649803e','2024-01-19 05:08:12.165883','2024-01-19 05:08:12.165883',NULL,70,'Crystal Hart','8e19d850-e825-4596-8600-6def2f603bf9'),('bef4fdba-90ee-4450-9560-2e25eec0348c','2024-01-19 05:08:12.060756','2024-01-19 05:08:12.060756',NULL,30,'Erica Novak','8e19d850-e825-4596-8600-6def2f603bf9'),('c131a2f4-b00c-40b4-a822-ea3b2e7773c9','2024-01-19 05:08:12.151137','2024-01-19 05:08:12.151137',NULL,59,'Erin Martinez','76298380-7846-4b75-b6b3-fc71f7d84ee5'),('c64301b0-1a1f-4c49-8a56-01b331724fae','2024-01-19 05:08:12.062580','2024-01-19 05:08:12.062580',NULL,32,'David Stout','8e19d850-e825-4596-8600-6def2f603bf9'),('c68f0628-ace5-425f-8363-b12d33313b7a','2024-01-19 05:08:12.180288','2024-01-19 05:08:12.180288',NULL,83,'Angela Gilbert','a85741be-776f-499d-84c9-c91e03425805'),('c7574005-744d-43a6-9ceb-b4230f603441','2024-01-19 05:08:12.047159','2024-01-19 05:08:12.047159',NULL,18,'Paul Sullivan','a85741be-776f-499d-84c9-c91e03425805'),('c831abe4-94ed-4137-bf18-6c297c2a93f6','2024-01-19 05:08:12.075799','2024-01-19 05:08:12.075799',NULL,38,'Carrie Blake','a85741be-776f-499d-84c9-c91e03425805'),('d07d3741-846a-44dc-ae3c-8bdb828e7e3e','2024-01-19 05:08:12.026293','2024-01-19 05:08:12.026293',NULL,3,'Rachel Jefferson','8e19d850-e825-4596-8600-6def2f603bf9'),('d304305a-3016-448f-ba0b-44d055567619','2024-01-19 05:08:12.142039','2024-01-19 05:08:12.142039',NULL,53,'Bobby Hernandez','a85741be-776f-499d-84c9-c91e03425805'),('d683c509-bda4-4997-877e-6e099df05542','2024-01-19 05:08:12.182554','2024-01-19 05:08:12.182554',NULL,86,'Sydney Carlson','a85741be-776f-499d-84c9-c91e03425805'),('d77ee9cb-3588-40e7-9c81-8015f463be43','2024-01-19 05:08:12.176600','2024-01-19 05:08:12.176600',NULL,78,'Isabella Le','76298380-7846-4b75-b6b3-fc71f7d84ee5'),('d97afe64-a2ca-41f8-8c2a-745489adb40e','2024-01-19 05:08:12.056862','2024-01-19 05:08:12.056862',NULL,26,'Joshua Browning','a85741be-776f-499d-84c9-c91e03425805'),('dcf6c92f-caeb-4fe8-94be-283032cf2213','2024-01-19 05:08:12.178219','2024-01-19 05:08:12.178219',NULL,80,'Jon Lambert','a85741be-776f-499d-84c9-c91e03425805'),('e46f171b-b50e-47ba-9f15-575149d62772','2024-01-19 05:08:12.159618','2024-01-19 05:08:12.159618',NULL,63,'Richard Schneider','a85741be-776f-499d-84c9-c91e03425805'),('e5a432a5-96ad-4efd-8391-7cbdae2aa356','2024-01-19 05:08:12.158643','2024-01-19 05:08:12.158643',NULL,62,'Latoya Moore','76298380-7846-4b75-b6b3-fc71f7d84ee5'),('e67afd04-10dc-4637-91cc-10e293a98bf7','2024-01-19 05:08:12.116779','2024-01-19 05:08:12.116779',NULL,41,'Linda Perez','a85741be-776f-499d-84c9-c91e03425805'),('ea078faa-bd78-4fd6-a4b3-4ee9e3ade8d2','2024-01-19 05:08:12.122202','2024-01-19 05:08:12.122202',NULL,43,'David Henry','8e19d850-e825-4596-8600-6def2f603bf9'),('ecc8058e-2ab8-405b-9f1c-ca777e8852fa','2024-01-19 05:08:12.140474','2024-01-19 05:08:12.140474',NULL,52,'Sarah James','76298380-7846-4b75-b6b3-fc71f7d84ee5'),('ed95d054-e902-4bd1-a83d-84c68d68d298','2024-01-19 05:08:12.181777','2024-01-19 05:08:12.181777',NULL,85,'Gabrielle Bradley','8e19d850-e825-4596-8600-6def2f603bf9'),('edcc6825-49cb-4b89-aab0-2dc7f372fb86','2024-01-19 05:08:12.050775','2024-01-19 05:08:12.050775',NULL,21,'Samantha Mckay','8e19d850-e825-4596-8600-6def2f603bf9'),('fa9d2517-21cb-4b41-aa79-83b653a7c89b','2024-01-19 05:08:12.035225','2024-01-19 05:08:12.035225',NULL,10,'Isaiah Maxwell','76298380-7846-4b75-b6b3-fc71f7d84ee5'),('fedaac60-e4d0-4aba-b458-69060ed6cded','2024-01-19 05:08:12.124163','2024-01-19 05:08:12.124163',NULL,45,'Brett Curry','a85741be-776f-499d-84c9-c91e03425805'),('ff85e6bd-1815-4628-aa37-c3943c810d25','2024-01-19 05:08:12.059062','2024-01-19 05:08:12.059062',NULL,28,'Charles King','a85741be-776f-499d-84c9-c91e03425805');
/*!40000 ALTER TABLE `customer` ENABLE KEYS */;
UNLOCK TABLES;

--
-- Table structure for table `customer_grade`
--

DROP TABLE IF EXISTS `customer_grade`;
/*!40101 SET @saved_cs_client     = @@character_set_client */;
/*!50503 SET character_set_client = utf8mb4 */;
CREATE TABLE `customer_grade` (
  `id` varchar(36) COLLATE utf8mb4_general_ci NOT NULL,
  `created_at` timestamp(6) NOT NULL DEFAULT CURRENT_TIMESTAMP(6),
  `updated_at` timestamp(6) NOT NULL DEFAULT CURRENT_TIMESTAMP(6) ON UPDATE CURRENT_TIMESTAMP(6),
  `deleted_at` timestamp(6) NULL DEFAULT NULL,
  `grade` varchar(10) COLLATE utf8mb4_general_ci NOT NULL COMMENT '등급',
  PRIMARY KEY (`id`),
  UNIQUE KEY `IDX_bfdcbae4d9db7920ad7cca35d3` (`grade`)
) ENGINE=InnoDB DEFAULT CHARSET=utf8mb4 COLLATE=utf8mb4_general_ci;
/*!40101 SET character_set_client = @saved_cs_client */;

--
-- Dumping data for table `customer_grade`
--

LOCK TABLES `customer_grade` WRITE;
/*!40000 ALTER TABLE `customer_grade` DISABLE KEYS */;
INSERT INTO `customer_grade` VALUES ('76298380-7846-4b75-b6b3-fc71f7d84ee5','2024-01-19 05:08:11.927224','2024-01-19 05:08:11.927224',NULL,'B'),('8e19d850-e825-4596-8600-6def2f603bf9','2024-01-19 05:08:11.921637','2024-01-19 05:08:11.921637',NULL,'A'),('a85741be-776f-499d-84c9-c91e03425805','2024-01-19 05:08:11.929400','2024-01-19 05:08:11.929400',NULL,'C');
/*!40000 ALTER TABLE `customer_grade` ENABLE KEYS */;
UNLOCK TABLES;

--
-- Table structure for table `order`
--

DROP TABLE IF EXISTS `order`;
/*!40101 SET @saved_cs_client     = @@character_set_client */;
/*!50503 SET character_set_client = utf8mb4 */;
CREATE TABLE `order` (
  `id` varchar(36) COLLATE utf8mb4_general_ci NOT NULL,
  `created_at` timestamp(6) NOT NULL DEFAULT CURRENT_TIMESTAMP(6),
  `updated_at` timestamp(6) NOT NULL DEFAULT CURRENT_TIMESTAMP(6) ON UPDATE CURRENT_TIMESTAMP(6),
  `deleted_at` timestamp(6) NULL DEFAULT NULL,
  `amount` int NOT NULL COMMENT '주문금액',
  `order_date` timestamp(6) NOT NULL DEFAULT CURRENT_TIMESTAMP(6) ON UPDATE CURRENT_TIMESTAMP(6),
  `customer_id` varchar(36) COLLATE utf8mb4_general_ci DEFAULT NULL,
  `order_type_id` varchar(36) COLLATE utf8mb4_general_ci DEFAULT NULL,
  PRIMARY KEY (`id`),
  KEY `FK_cd7812c96209c5bdd48a6b858b0` (`customer_id`),
  KEY `FK_39ee96ba6db9abd25b2ebd026c6` (`order_type_id`),
  CONSTRAINT `FK_39ee96ba6db9abd25b2ebd026c6` FOREIGN KEY (`order_type_id`) REFERENCES `order_type` (`id`),
  CONSTRAINT `FK_cd7812c96209c5bdd48a6b858b0` FOREIGN KEY (`customer_id`) REFERENCES `customer` (`id`)
) ENGINE=InnoDB DEFAULT CHARSET=utf8mb4 COLLATE=utf8mb4_general_ci;
/*!40101 SET character_set_client = @saved_cs_client */;

--
-- Dumping data for table `order`
--

LOCK TABLES `order` WRITE;
/*!40000 ALTER TABLE `order` DISABLE KEYS */;
INSERT INTO `order` VALUES ('00a88ff9-f2ab-41e6-abd2-607feb021af4','2024-01-19 05:56:47.816184','2024-01-19 05:56:47.816184',NULL,1310200,'2023-05-19 14:59:08.000000','26bda858-fc75-4d51-ae0b-f382d802b05a','789b7485-e0ff-40c5-8919-661d0f0bd8da'),('00b00e39-29ec-4d74-9662-57165264121b','2024-01-19 05:56:47.764335','2024-01-19 05:56:47.764335',NULL,4818200,'2023-04-30 14:59:08.000000','0e45ba47-808f-41a4-9323-65d5b90cfefd','789b7485-e0ff-40c5-8919-661d0f0bd8da'),('010a8720-35ee-4bb6-8a2f-4a4a51a8230e','2024-01-19 05:56:48.028829','2024-01-19 05:56:48.028829',NULL,4180200,'2023-08-05 14:59:08.000000','3ca2c403-ce53-4ee4-b3a2-91a2f41826f8','789b7485-e0ff-40c5-8919-661d0f0bd8da'),('0144b30f-4568-423e-aff9-c3aa2aef6713','2024-01-19 05:56:48.101166','2024-01-19 05:56:48.101166',NULL,4655700,'2023-09-14 14:59:08.000000','83dfe0b1-a623-4465-aaeb-f0d54dba6bc9','267d0560-45db-4ca1-9e9d-96eae1c483e7'),('01a2be42-c70c-4266-a974-44d7ddb90e8b','2024-01-19 05:56:48.376847','2024-01-19 05:56:48.376847',NULL,1097200,'2023-12-30 14:59:08.000000','56970467-43f1-46f7-9d4d-2fa8527972ec','267d0560-45db-4ca1-9e9d-96eae1c483e7'),('01c8b70a-350b-4d58-a68d-866459a47c51','2024-01-19 05:56:47.976339','2024-01-19 05:56:47.976339',NULL,2826000,'2023-07-05 14:59:08.000000','47170f0c-eee8-4ac5-adad-b3926ca275b6','789b7485-e0ff-40c5-8919-661d0f0bd8da'),('0280309b-5c98-4abc-8aa1-906515e71368','2024-01-19 05:56:48.261443','2024-01-19 05:56:48.261443',NULL,485400,'2023-11-08 14:59:08.000000','2b659158-8e8d-4bb7-8246-d2b2718d60ca','267d0560-45db-4ca1-9e9d-96eae1c483e7'),('02dec1cb-c5b9-41b9-b29f-8cb0d7159828','2024-01-19 05:56:48.103383','2024-01-19 05:56:48.103383',NULL,2830900,'2023-09-15 14:59:08.000000','47170f0c-eee8-4ac5-adad-b3926ca275b6','789b7485-e0ff-40c5-8919-661d0f0bd8da'),('03080e6e-c44a-44f9-bde3-072df7a49666','2024-01-19 05:56:47.650355','2024-01-19 05:56:47.650355',NULL,977800,'2023-03-01 14:59:08.000000','7c315450-d2a9-4194-919f-d5db8aef6d73','267d0560-45db-4ca1-9e9d-96eae1c483e7'),('0321c84d-5984-459a-a627-e16b7f5e7442','2024-01-19 05:56:48.059506','2024-01-19 05:56:48.059506',NULL,2661600,'2023-08-20 14:59:08.000000','8d4d07bf-e484-40c2-a470-01ac4f118ecd','789b7485-e0ff-40c5-8919-661d0f0bd8da'),('034d8bfa-6d13-40a8-8c34-56fbd3817a86','2024-01-19 05:56:47.886582','2024-01-19 05:56:47.886582',NULL,545900,'2023-06-04 14:59:08.000000','d07d3741-846a-44dc-ae3c-8bdb828e7e3e','267d0560-45db-4ca1-9e9d-96eae1c483e7'),('037a8f87-ee85-44f6-9aee-347566095a1c','2024-01-19 05:56:48.004810','2024-01-19 05:56:48.004810',NULL,621800,'2023-07-24 14:59:08.000000','3ca2c403-ce53-4ee4-b3a2-91a2f41826f8','789b7485-e0ff-40c5-8919-661d0f0bd8da'),('03819070-ab4f-426d-b22c-4f0b93241f68','2024-01-19 05:56:47.875651','2024-01-19 05:56:47.875651',NULL,1285800,'2023-06-01 14:59:08.000000','2b659158-8e8d-4bb7-8246-d2b2718d60ca','267d0560-45db-4ca1-9e9d-96eae1c483e7'),('03bf5ef8-cb6c-49bb-adeb-c3df55cbcbce','2024-01-19 05:56:48.159633','2024-01-19 05:56:48.159633',NULL,4528800,'2023-10-11 14:59:08.000000','7e604845-d74a-4368-a125-c9479ec88222','789b7485-e0ff-40c5-8919-661d0f0bd8da'),('03e77d5d-4d63-432d-8fe6-e72a4d5fc115','2024-01-19 05:56:47.871601','2024-01-19 05:56:47.871601',NULL,4565300,'2023-05-31 14:59:08.000000','163c5d26-ffca-4e9f-854d-e1f37ba0361a','789b7485-e0ff-40c5-8919-661d0f0bd8da'),('0458a520-eb92-4865-9cb1-e25eec0b13e8','2024-01-19 05:56:48.150821','2024-01-19 05:56:48.150821',NULL,2056300,'2023-10-07 14:59:08.000000','026cfdf3-d7ee-4b25-84ab-e1bcd185de52','789b7485-e0ff-40c5-8919-661d0f0bd8da'),('04b06c8e-8684-443f-9916-d6593fe95a05','2024-01-19 05:56:47.988007','2024-01-19 05:56:47.988007',NULL,4488400,'2023-07-12 14:59:08.000000','709bd6d1-f421-4967-8880-a85ba6553260','267d0560-45db-4ca1-9e9d-96eae1c483e7'),('04ca2b35-38b5-45b9-872d-8472a17e3e17','2024-01-19 05:56:47.736702','2024-01-19 05:56:47.736702',NULL,2679100,'2023-04-11 14:59:08.000000','b2f8ad3a-8a36-4e33-9560-720ff67246a4','267d0560-45db-4ca1-9e9d-96eae1c483e7'),('04ecc588-cfb9-4fab-828d-df925f31cd2d','2024-01-19 05:56:47.626210','2024-01-19 05:56:47.626210',NULL,1358000,'2023-02-14 14:59:08.000000','4b4b0e07-95a9-4f7f-9d18-3ea87f6fdffc','267d0560-45db-4ca1-9e9d-96eae1c483e7'),('054e72e3-2ac7-47e4-acb6-0a35e98d62ed','2024-01-19 05:56:48.164398','2024-01-19 05:56:48.164398',NULL,133600,'2023-10-12 14:59:08.000000','83dfe0b1-a623-4465-aaeb-f0d54dba6bc9','789b7485-e0ff-40c5-8919-661d0f0bd8da'),('05a93244-9a2a-4e3f-873e-35ec4755a6ed','2024-01-19 05:56:47.995854','2024-01-19 05:56:47.995854',NULL,1986900,'2023-07-16 14:59:08.000000','2c17f922-58e5-41c2-b53e-0dc710248d26','267d0560-45db-4ca1-9e9d-96eae1c483e7'),('0626a06a-dfe2-4541-b163-b3697c29a2e0','2024-01-19 05:56:47.986045','2024-01-19 05:56:47.986045',NULL,2399300,'2023-07-12 14:59:08.000000','9692a73c-c87d-4f51-b1b9-7d2111084ffe','267d0560-45db-4ca1-9e9d-96eae1c483e7'),('06334eef-73a7-4623-8d86-058734f72f35','2024-01-19 05:56:48.305167','2024-01-19 05:56:48.305167',NULL,4071700,'2023-12-01 14:59:08.000000','6b5eee88-ae75-4626-b23b-8297040a0dd7','267d0560-45db-4ca1-9e9d-96eae1c483e7'),('06422ff8-982d-4445-aba6-3b484e1ef71c','2024-01-19 05:56:48.331505','2024-01-19 05:56:48.331505',NULL,1346200,'2023-12-16 14:59:08.000000','56970467-43f1-46f7-9d4d-2fa8527972ec','267d0560-45db-4ca1-9e9d-96eae1c483e7'),('06a1b302-08b8-4cc6-afe5-4c821628797d','2024-01-19 05:56:48.034295','2024-01-19 05:56:48.034295',NULL,695800,'2023-08-07 14:59:08.000000','edcc6825-49cb-4b89-aab0-2dc7f372fb86','267d0560-45db-4ca1-9e9d-96eae1c483e7'),('06b100b2-f7cb-4e8b-b85b-5c78cb1eb32e','2024-01-19 05:56:48.082650','2024-01-19 05:56:48.082650',NULL,3798000,'2023-08-31 14:59:08.000000','8ad38415-e27e-4a21-a7c1-9616b04cfb7c','789b7485-e0ff-40c5-8919-661d0f0bd8da'),('070be45d-5ff8-4430-952e-0ae3e30e2a1e','2024-01-19 05:56:47.832448','2024-01-19 05:56:47.832448',NULL,2507600,'2023-05-23 14:59:08.000000','9e59050a-96a0-47a7-80fe-70bf17beeb0b','789b7485-e0ff-40c5-8919-661d0f0bd8da'),('0745af3c-020e-48ef-818f-4f363008eb17','2024-01-19 05:56:48.177994','2024-01-19 05:56:48.177994',NULL,2856000,'2023-10-20 14:59:08.000000','14d08316-a3d3-4e73-bd3c-3aed234fa610','789b7485-e0ff-40c5-8919-661d0f0bd8da'),('07a5e977-356b-4115-8c4a-a3af9368a757','2024-01-19 05:56:48.134139','2024-01-19 05:56:48.134139',NULL,1667000,'2023-09-27 14:59:08.000000','ecc8058e-2ab8-405b-9f1c-ca777e8852fa','789b7485-e0ff-40c5-8919-661d0f0bd8da'),('07bc4356-8159-41b2-8b72-1829752f917e','2024-01-19 05:56:47.924905','2024-01-19 05:56:47.924905',NULL,3665900,'2023-06-23 14:59:08.000000','83dfe0b1-a623-4465-aaeb-f0d54dba6bc9','789b7485-e0ff-40c5-8919-661d0f0bd8da'),('0810a069-32f2-4217-a3ce-2c7ae6f99662','2024-01-19 05:56:47.948830','2024-01-19 05:56:47.948830',NULL,312100,'2023-06-28 14:59:08.000000','6a8f52d0-03b8-47f6-bbb7-1cfef8eb48cc','267d0560-45db-4ca1-9e9d-96eae1c483e7'),('083f527e-6e84-4ed2-b519-660fd5d70d02','2024-01-19 05:56:47.665180','2024-01-19 05:56:47.665180',NULL,2158400,'2023-03-08 14:59:08.000000','026cfdf3-d7ee-4b25-84ab-e1bcd185de52','789b7485-e0ff-40c5-8919-661d0f0bd8da'),('084b0362-a3b5-455b-a755-7c54a4f7ea87','2024-01-19 05:56:47.918968','2024-01-19 05:56:47.918968',NULL,2105700,'2023-06-20 14:59:08.000000','4b4b0e07-95a9-4f7f-9d18-3ea87f6fdffc','789b7485-e0ff-40c5-8919-661d0f0bd8da'),('088ac291-2c2f-477b-aa36-eb4fcc24ecb8','2024-01-19 05:56:47.791737','2024-01-19 05:56:47.791737',NULL,169000,'2023-05-10 14:59:08.000000','8376c502-887e-4132-9e26-6e1409650ca6','789b7485-e0ff-40c5-8919-661d0f0bd8da'),('08c3046d-b570-4c58-adec-46eddb5736dc','2024-01-19 05:56:47.787766','2024-01-19 05:56:47.787766',NULL,2619400,'2023-05-09 14:59:08.000000','3ca2c403-ce53-4ee4-b3a2-91a2f41826f8','267d0560-45db-4ca1-9e9d-96eae1c483e7'),('08d520df-a602-4320-b4b9-62bf9f66af34','2024-01-19 05:56:47.662367','2024-01-19 05:56:47.662367',NULL,4059000,'2023-03-06 14:59:08.000000','d97afe64-a2ca-41f8-8c2a-745489adb40e','267d0560-45db-4ca1-9e9d-96eae1c483e7'),('09115d9f-aa5e-4620-bb50-3de2e13cf243','2024-01-19 05:56:47.776482','2024-01-19 05:56:47.776482',NULL,1031000,'2023-05-04 14:59:08.000000','8ad38415-e27e-4a21-a7c1-9616b04cfb7c','267d0560-45db-4ca1-9e9d-96eae1c483e7'),('094f8de1-89ea-4edb-99bb-c47eb8100fc1','2024-01-19 05:56:48.143899','2024-01-19 05:56:48.143899',NULL,2209600,'2023-10-01 14:59:08.000000','6d2f1a4e-a47a-4e0c-8f57-bbc3af2fd5b6','267d0560-45db-4ca1-9e9d-96eae1c483e7'),('09da4d8a-6267-41bd-b50d-ec9265dae7e9','2024-01-19 05:56:47.874990','2024-01-19 05:56:47.874990',NULL,1895900,'2023-06-01 14:59:08.000000','1cfeb074-9808-42b5-b417-9758c056e8e2','789b7485-e0ff-40c5-8919-661d0f0bd8da'),('0a6189d2-8177-47fa-a5e4-fc4567ba487c','2024-01-19 05:56:47.869347','2024-01-19 05:56:47.869347',NULL,186900,'2023-05-30 14:59:08.000000','26bda858-fc75-4d51-ae0b-f382d802b05a','789b7485-e0ff-40c5-8919-661d0f0bd8da'),('0a9d3835-02c0-4f10-8a42-fe0f0bc760c1','2024-01-19 05:56:47.538137','2024-01-19 05:56:47.538137',NULL,3744400,'2023-01-10 14:59:08.000000','ecc8058e-2ab8-405b-9f1c-ca777e8852fa','267d0560-45db-4ca1-9e9d-96eae1c483e7'),('0abc7783-5911-4193-9894-2b225533a4f0','2024-01-19 05:56:47.547638','2024-01-19 05:56:47.547638',NULL,4924200,'2023-01-13 14:59:08.000000','9af49e8d-dda1-4639-afd2-4c6d1e45e415','267d0560-45db-4ca1-9e9d-96eae1c483e7'),('0ad3e354-92c1-42d5-a537-b6a43b2b9eac','2024-01-19 05:56:47.889921','2024-01-19 05:56:47.889921',NULL,4217200,'2023-06-06 14:59:08.000000','2e5b3100-95ab-46e0-af39-fe0228f404c7','789b7485-e0ff-40c5-8919-661d0f0bd8da'),('0aecd74f-ead2-4170-a46a-cdc645d622f4','2024-01-19 05:56:48.178898','2024-01-19 05:56:48.178898',NULL,1572500,'2023-10-20 14:59:08.000000','2c17f922-58e5-41c2-b53e-0dc710248d26','267d0560-45db-4ca1-9e9d-96eae1c483e7'),('0b7f6eb2-aa86-4207-a74e-a0eb079e174a','2024-01-19 05:56:48.049832','2024-01-19 05:56:48.049832',NULL,185800,'2023-08-15 14:59:08.000000','ac305234-15db-4320-a504-cd2997399b73','789b7485-e0ff-40c5-8919-661d0f0bd8da'),('0b9ea6d2-cb9a-4919-9972-92d5b4960854','2024-01-19 05:56:48.140881','2024-01-19 05:56:48.140881',NULL,2590900,'2023-09-29 14:59:08.000000','7bbbe3be-8354-44c4-bd7f-740d11b75262','789b7485-e0ff-40c5-8919-661d0f0bd8da'),('0bb59cf8-78df-4658-8d73-8b0ee8c42c0c','2024-01-19 05:56:47.981169','2024-01-19 05:56:47.981169',NULL,3407500,'2023-07-08 14:59:08.000000','94b5dd2d-8af2-48de-8fd5-e81d79c2a0de','267d0560-45db-4ca1-9e9d-96eae1c483e7'),('0bc68b5e-a740-45bf-ac6d-f1480cb440a1','2024-01-19 05:56:48.024230','2024-01-19 05:56:48.024230',NULL,1053500,'2023-08-03 14:59:08.000000','709bd6d1-f421-4967-8880-a85ba6553260','789b7485-e0ff-40c5-8919-661d0f0bd8da'),('0be1cca3-bbe8-444e-839a-6dc8ab4ef32a','2024-01-19 05:56:47.531794','2024-01-19 05:56:47.531794',NULL,2274900,'2023-01-08 14:59:08.000000','b0397be6-bdd2-40f7-9736-a1abc98554d1','267d0560-45db-4ca1-9e9d-96eae1c483e7'),('0c14178e-e077-487f-8932-fc44815dede6','2024-01-19 05:56:47.973429','2024-01-19 05:56:47.973429',NULL,485800,'2023-07-04 14:59:08.000000','a8a6e225-26c3-4d20-a6b4-2f7c507c3fad','789b7485-e0ff-40c5-8919-661d0f0bd8da'),('0ca2ade5-69d6-4ad1-9586-a30db3d4634f','2024-01-19 05:56:47.718483','2024-01-19 05:56:47.718483',NULL,534900,'2023-04-06 14:59:08.000000','3aee4e3b-e662-4e84-a8be-072c0148d273','267d0560-45db-4ca1-9e9d-96eae1c483e7'),('0cee54aa-6b3f-43b7-b078-6ce6c79dc4bf','2024-01-19 05:56:47.760709','2024-01-19 05:56:47.760709',NULL,3298800,'2023-04-26 14:59:08.000000','10382b21-307d-4391-8cf5-3d7ab4444d19','789b7485-e0ff-40c5-8919-661d0f0bd8da'),('0d6438b4-c809-49ee-b9fd-255c9d25edd8','2024-01-19 05:56:48.029304','2024-01-19 05:56:48.029304',NULL,3309600,'2023-08-05 14:59:08.000000','2331faae-2959-4d71-8ee5-432e0ecf2618','267d0560-45db-4ca1-9e9d-96eae1c483e7'),('0d9101cd-1091-4a0a-a075-7f1be98b8700','2024-01-19 05:56:47.899069','2024-01-19 05:56:47.899069',NULL,4294100,'2023-06-12 14:59:08.000000','e67afd04-10dc-4637-91cc-10e293a98bf7','789b7485-e0ff-40c5-8919-661d0f0bd8da'),('0e211143-46ff-46cf-9cb5-81d16f4a1ac5','2024-01-19 05:56:48.342543','2024-01-19 05:56:48.342543',NULL,3914800,'2023-12-21 14:59:08.000000','14d08316-a3d3-4e73-bd3c-3aed234fa610','267d0560-45db-4ca1-9e9d-96eae1c483e7'),('0e525857-fd24-43e6-8c89-c308f8952091','2024-01-19 05:56:47.907565','2024-01-19 05:56:47.907565',NULL,2768100,'2023-06-14 14:59:08.000000','7030b222-f534-4af4-bc34-eb5d74e9e5eb','789b7485-e0ff-40c5-8919-661d0f0bd8da'),('0e614027-9e46-4489-b466-9fe07433b703','2024-01-19 05:56:47.641032','2024-01-19 05:56:47.641032',NULL,4801900,'2023-02-25 14:59:08.000000','9692a73c-c87d-4f51-b1b9-7d2111084ffe','789b7485-e0ff-40c5-8919-661d0f0bd8da'),('0feaf904-d7db-471e-99c0-0aabe1af7ce9','2024-01-19 05:56:48.165766','2024-01-19 05:56:48.165766',NULL,3417000,'2023-10-14 14:59:08.000000','35812de8-43ab-4b9c-a664-1e6af4a08a60','267d0560-45db-4ca1-9e9d-96eae1c483e7'),('100e9ea4-534f-4b5e-8370-f82d1c8ea4d7','2024-01-19 05:56:47.775809','2024-01-19 05:56:47.775809',NULL,2693800,'2023-05-04 14:59:08.000000','b2cf622e-eb4f-48f3-bb7c-cfd38353e5a0','267d0560-45db-4ca1-9e9d-96eae1c483e7'),('10501c41-dce8-40b9-89d2-58d562d75089','2024-01-19 05:56:48.197887','2024-01-19 05:56:48.197887',NULL,561700,'2023-10-26 14:59:08.000000','7e604845-d74a-4368-a125-c9479ec88222','789b7485-e0ff-40c5-8919-661d0f0bd8da'),('10766657-7d75-4684-85e4-54ac723efce3','2024-01-19 05:56:47.660285','2024-01-19 05:56:47.660285',NULL,1041500,'2023-03-04 14:59:08.000000','880ccb67-8061-4756-bbb8-bf4033660133','789b7485-e0ff-40c5-8919-661d0f0bd8da'),('108793e7-1ea5-43ab-8e4c-9b619587ccc7','2024-01-19 05:56:48.330950','2024-01-19 05:56:48.330950',NULL,923300,'2023-12-15 14:59:08.000000','56970467-43f1-46f7-9d4d-2fa8527972ec','789b7485-e0ff-40c5-8919-661d0f0bd8da'),('10cfb74b-35bf-491a-84b0-025a312e190b','2024-01-19 05:56:48.157815','2024-01-19 05:56:48.157815',NULL,1406400,'2023-10-11 14:59:08.000000','c131a2f4-b00c-40b4-a822-ea3b2e7773c9','267d0560-45db-4ca1-9e9d-96eae1c483e7'),('10e8e8be-5595-4679-85f7-fc651fee8ab1','2024-01-19 05:56:48.254197','2024-01-19 05:56:48.254197',NULL,1472600,'2023-11-04 14:59:08.000000','0e694c04-8250-404f-8b32-769702c52e69','267d0560-45db-4ca1-9e9d-96eae1c483e7'),('112528b9-b25b-48ae-900e-d848ce9ceaa0','2024-01-19 05:56:48.066499','2024-01-19 05:56:48.066499',NULL,370900,'2023-08-24 14:59:08.000000','63dc3d8a-0b5a-420e-b1e6-5deb0f7aa478','789b7485-e0ff-40c5-8919-661d0f0bd8da'),('11279794-4107-4814-aa42-80df3ebdd5f0','2024-01-19 05:56:48.166493','2024-01-19 05:56:48.166493',NULL,414700,'2023-10-14 14:59:08.000000','b0397be6-bdd2-40f7-9736-a1abc98554d1','789b7485-e0ff-40c5-8919-661d0f0bd8da'),('1127aa89-8bf8-4812-873f-167980f368ef','2024-01-19 05:56:48.055710','2024-01-19 05:56:48.055710',NULL,2600500,'2023-08-18 14:59:08.000000','b7294ac0-dd79-4746-a20b-52ca898f1428','267d0560-45db-4ca1-9e9d-96eae1c483e7'),('114519e4-2807-4be3-bd67-3dddb329c03c','2024-01-19 05:56:47.554194','2024-01-19 05:56:47.554194',NULL,2240100,'2023-01-16 14:59:08.000000','20a920bf-dbc7-4c2b-84c8-d5e828395364','267d0560-45db-4ca1-9e9d-96eae1c483e7'),('11a535cb-0a7c-4bd8-9421-7eb642ce3bbc','2024-01-19 05:56:47.702814','2024-01-19 05:56:47.702814',NULL,4697300,'2023-03-24 14:59:08.000000','5e6477ec-b69b-48f8-90a1-f857069ee4f6','789b7485-e0ff-40c5-8919-661d0f0bd8da'),('12220f9a-8f80-44ba-8eac-e7922146e6a5','2024-01-19 05:56:47.555077','2024-01-19 05:56:47.555077',NULL,376000,'2023-01-17 14:59:08.000000','d683c509-bda4-4997-877e-6e099df05542','267d0560-45db-4ca1-9e9d-96eae1c483e7'),('1282e7fa-2dee-47a2-8b45-ae5d63052795','2024-01-19 05:56:47.923049','2024-01-19 05:56:47.923049',NULL,1970300,'2023-06-23 14:59:08.000000','0ab72fa0-66ab-4982-a1f2-d68eef685571','789b7485-e0ff-40c5-8919-661d0f0bd8da'),('12b7717f-bf75-4b66-9bd3-8a8f8b042fe8','2024-01-19 05:56:48.297235','2024-01-19 05:56:48.297235',NULL,1832700,'2023-11-27 14:59:08.000000','032f81ca-2f18-4830-a4a0-eba888d2023a','267d0560-45db-4ca1-9e9d-96eae1c483e7'),('1317cfc8-6dac-4da2-b7d8-5d28131f7ca5','2024-01-19 05:56:48.065018','2024-01-19 05:56:48.065018',NULL,4868900,'2023-08-22 14:59:08.000000','3384a0f8-300a-43b1-85f9-1962fb11fc58','789b7485-e0ff-40c5-8919-661d0f0bd8da'),('131cdcba-e12f-4472-9804-75adce9951ce','2024-01-19 05:56:48.004116','2024-01-19 05:56:48.004116',NULL,1571100,'2023-07-23 14:59:08.000000','47170f0c-eee8-4ac5-adad-b3926ca275b6','267d0560-45db-4ca1-9e9d-96eae1c483e7'),('1358ce4f-0c9e-40d1-ae42-c8d3d98bb2cf','2024-01-19 05:56:47.756321','2024-01-19 05:56:47.756321',NULL,916700,'2023-04-22 14:59:08.000000','64c3ca5a-54d4-4a3e-9db2-07205e0dd7a3','267d0560-45db-4ca1-9e9d-96eae1c483e7'),('138cace4-29d9-4ed0-af5c-d408aa6f2bb3','2024-01-19 05:56:48.062815','2024-01-19 05:56:48.062815',NULL,2531200,'2023-08-20 14:59:08.000000','9af49e8d-dda1-4639-afd2-4c6d1e45e415','267d0560-45db-4ca1-9e9d-96eae1c483e7'),('1390f0d9-287e-4a61-bb15-60dd201b8d29','2024-01-19 05:56:48.154992','2024-01-19 05:56:48.154992',NULL,3967500,'2023-10-09 14:59:08.000000','93484aab-f150-4119-ae5a-8d6fbe378da0','789b7485-e0ff-40c5-8919-661d0f0bd8da'),('13aa7014-56cf-41be-bb2e-09d6497cf971','2024-01-19 05:56:47.757547','2024-01-19 05:56:47.757547',NULL,2423800,'2023-04-23 14:59:08.000000','44ab16dc-9c86-4a5d-839a-e1f30bbbccb6','267d0560-45db-4ca1-9e9d-96eae1c483e7'),('13bb81d3-36a8-4658-bbd9-98eeeaec112c','2024-01-19 05:56:47.548384','2024-01-19 05:56:47.548384',NULL,3560300,'2023-01-14 14:59:08.000000','b2cf622e-eb4f-48f3-bb7c-cfd38353e5a0','789b7485-e0ff-40c5-8919-661d0f0bd8da'),('1434e45f-c747-49a7-8161-59c3ae09fbf7','2024-01-19 05:56:47.767278','2024-01-19 05:56:47.767278',NULL,1424000,'2023-05-01 14:59:08.000000','b2f8ad3a-8a36-4e33-9560-720ff67246a4','267d0560-45db-4ca1-9e9d-96eae1c483e7'),('14389d42-41e2-48c6-9906-dfdcc2ad6c54','2024-01-19 05:56:47.672383','2024-01-19 05:56:47.672383',NULL,1206900,'2023-03-09 14:59:08.000000','163c5d26-ffca-4e9f-854d-e1f37ba0361a','789b7485-e0ff-40c5-8919-661d0f0bd8da'),('14f9f970-f71f-45d3-b2c0-0756c647992b','2024-01-19 05:56:47.741109','2024-01-19 05:56:47.741109',NULL,2601400,'2023-04-13 14:59:08.000000','906f787c-c86e-4051-b9d7-a75a7fdc98b2','267d0560-45db-4ca1-9e9d-96eae1c483e7'),('1544e062-a5f5-4a49-ba84-9357b1aae520','2024-01-19 05:56:48.131084','2024-01-19 05:56:48.131084',NULL,2887100,'2023-09-26 14:59:08.000000','15e2a7e1-3fce-424a-9c93-715826187716','789b7485-e0ff-40c5-8919-661d0f0bd8da'),('163b1678-30ca-4b79-9124-fbfead3ef000','2024-01-19 05:56:48.086130','2024-01-19 05:56:48.086130',NULL,1746600,'2023-09-02 14:59:08.000000','8ad38415-e27e-4a21-a7c1-9616b04cfb7c','267d0560-45db-4ca1-9e9d-96eae1c483e7'),('166468b3-1758-425f-9421-d9a8ed9e24b5','2024-01-19 05:56:48.158741','2024-01-19 05:56:48.158741',NULL,1277100,'2023-10-11 14:59:08.000000','6a8f52d0-03b8-47f6-bbb7-1cfef8eb48cc','267d0560-45db-4ca1-9e9d-96eae1c483e7'),('16fc6934-2659-4eb1-a461-5e1531ab904f','2024-01-19 05:56:47.960229','2024-01-19 05:56:47.960229',NULL,572800,'2023-06-29 14:59:08.000000','3ca2c403-ce53-4ee4-b3a2-91a2f41826f8','267d0560-45db-4ca1-9e9d-96eae1c483e7'),('175f12fd-61b2-46a7-83d4-70549e15bc20','2024-01-19 05:56:48.306621','2024-01-19 05:56:48.306621',NULL,4952400,'2023-12-01 14:59:08.000000','15e2a7e1-3fce-424a-9c93-715826187716','267d0560-45db-4ca1-9e9d-96eae1c483e7'),('17864d76-c750-4ea0-9cca-fd26d3b43ccc','2024-01-19 05:56:47.732545','2024-01-19 05:56:47.732545',NULL,4614100,'2023-04-11 14:59:08.000000','32319448-fcf0-48db-bb35-6e9a6714be01','789b7485-e0ff-40c5-8919-661d0f0bd8da'),('17e62b03-6aa3-4a6c-8fd7-142717f9bc44','2024-01-19 05:56:48.075836','2024-01-19 05:56:48.075836',NULL,356000,'2023-08-27 14:59:08.000000','6dcd496f-4902-40c2-a665-b7a204232403','267d0560-45db-4ca1-9e9d-96eae1c483e7'),('183c60ab-39ff-42cb-bc95-5071967c9c32','2024-01-19 05:56:47.669447','2024-01-19 05:56:47.669447',NULL,2068200,'2023-03-09 14:59:08.000000','40bce365-c6e9-47a4-8877-622cfa07ce18','789b7485-e0ff-40c5-8919-661d0f0bd8da'),('1880d6e1-fba9-4555-8fa5-2ecb953f54f6','2024-01-19 05:56:48.311205','2024-01-19 05:56:48.311205',NULL,1090700,'2023-12-03 14:59:08.000000','0e694c04-8250-404f-8b32-769702c52e69','267d0560-45db-4ca1-9e9d-96eae1c483e7'),('18992fdb-c842-4c7c-9a32-5a807dd78bfc','2024-01-19 05:56:47.564807','2024-01-19 05:56:47.564807',NULL,3629800,'2023-01-21 14:59:08.000000','10382b21-307d-4391-8cf5-3d7ab4444d19','789b7485-e0ff-40c5-8919-661d0f0bd8da'),('18a2ba60-e9af-4f58-a332-e40bcda5ad4c','2024-01-19 05:56:47.850969','2024-01-19 05:56:47.850969',NULL,2317600,'2023-05-25 14:59:08.000000','dcf6c92f-caeb-4fe8-94be-283032cf2213','267d0560-45db-4ca1-9e9d-96eae1c483e7'),('18ae284d-066c-46bb-b83b-e7c287f366fd','2024-01-19 05:56:47.773904','2024-01-19 05:56:47.773904',NULL,195500,'2023-05-03 14:59:08.000000','fa9d2517-21cb-4b41-aa79-83b653a7c89b','267d0560-45db-4ca1-9e9d-96eae1c483e7'),('18d62932-3f62-4786-b4b5-f10c3f4a7597','2024-01-19 05:56:47.788538','2024-01-19 05:56:47.788538',NULL,2935000,'2023-05-09 14:59:08.000000','3ca2c403-ce53-4ee4-b3a2-91a2f41826f8','789b7485-e0ff-40c5-8919-661d0f0bd8da'),('19652cd9-1629-4346-b8c3-71e6e908b419','2024-01-19 05:56:47.550156','2024-01-19 05:56:47.550156',NULL,1691900,'2023-01-14 14:59:08.000000','e5a432a5-96ad-4efd-8391-7cbdae2aa356','789b7485-e0ff-40c5-8919-661d0f0bd8da'),('1975e02a-ae26-41a6-a076-e1f11054b1ef','2024-01-19 05:56:48.332244','2024-01-19 05:56:48.332244',NULL,807800,'2023-12-17 14:59:08.000000','15e2a7e1-3fce-424a-9c93-715826187716','267d0560-45db-4ca1-9e9d-96eae1c483e7'),('19abafd8-f484-41d8-9326-ace087e9c093','2024-01-19 05:56:47.934521','2024-01-19 05:56:47.934521',NULL,866700,'2023-06-26 14:59:08.000000','032f81ca-2f18-4830-a4a0-eba888d2023a','267d0560-45db-4ca1-9e9d-96eae1c483e7'),('19ae12e2-5770-4227-a911-84d78cd1e9cb','2024-01-19 05:56:47.870780','2024-01-19 05:56:47.870780',NULL,2933600,'2023-05-31 14:59:08.000000','c7574005-744d-43a6-9ceb-b4230f603441','267d0560-45db-4ca1-9e9d-96eae1c483e7'),('19d704fd-ce31-4f25-af4e-2f546b995d41','2024-01-19 05:56:48.016720','2024-01-19 05:56:48.016720',NULL,2172000,'2023-07-30 14:59:08.000000','b2cf622e-eb4f-48f3-bb7c-cfd38353e5a0','267d0560-45db-4ca1-9e9d-96eae1c483e7'),('1a03418c-2f41-4333-87b0-d010be7f9539','2024-01-19 05:56:47.592822','2024-01-19 05:56:47.592822',NULL,2465800,'2023-02-03 14:59:08.000000','9e59050a-96a0-47a7-80fe-70bf17beeb0b','789b7485-e0ff-40c5-8919-661d0f0bd8da'),('1a53a6e2-b6e0-438a-8437-648455589d8f','2024-01-19 05:56:48.066991','2024-01-19 05:56:48.066991',NULL,1755900,'2023-08-24 14:59:08.000000','a0bc9191-7b0c-4e50-b715-c35ecb7c9cf8','267d0560-45db-4ca1-9e9d-96eae1c483e7'),('1ab5d3de-52c5-44cf-bee6-64c3258a2d30','2024-01-19 05:56:48.008894','2024-01-19 05:56:48.008894',NULL,4953800,'2023-07-27 14:59:08.000000','026cfdf3-d7ee-4b25-84ab-e1bcd185de52','267d0560-45db-4ca1-9e9d-96eae1c483e7'),('1aff03db-7b5f-4241-a78a-9eba3a5e8f33','2024-01-19 05:56:47.671672','2024-01-19 05:56:47.671672',NULL,4173300,'2023-03-09 14:59:08.000000','a8a6e225-26c3-4d20-a6b4-2f7c507c3fad','789b7485-e0ff-40c5-8919-661d0f0bd8da'),('1b36804d-8720-4faf-ab5f-935433248b5c','2024-01-19 05:56:47.644087','2024-01-19 05:56:47.644087',NULL,4092500,'2023-02-27 14:59:08.000000','b0397be6-bdd2-40f7-9736-a1abc98554d1','267d0560-45db-4ca1-9e9d-96eae1c483e7'),('1b5bf6ad-3672-4c6b-b7ea-11653aef85f8','2024-01-19 05:56:48.324728','2024-01-19 05:56:48.324728',NULL,3422200,'2023-12-13 14:59:08.000000','8376c502-887e-4132-9e26-6e1409650ca6','267d0560-45db-4ca1-9e9d-96eae1c483e7'),('1bcdc7a6-b51c-4449-b7e6-5c78d097d984','2024-01-19 05:56:47.937022','2024-01-19 05:56:47.937022',NULL,606800,'2023-06-26 14:59:08.000000','4b4b0e07-95a9-4f7f-9d18-3ea87f6fdffc','789b7485-e0ff-40c5-8919-661d0f0bd8da'),('1c0ac9f6-52f9-41fa-9aed-d6add63e3e0b','2024-01-19 05:56:47.673041','2024-01-19 05:56:47.673041',NULL,1288300,'2023-03-09 14:59:08.000000','5f377e37-a646-4ec0-b99d-073346912a33','789b7485-e0ff-40c5-8919-661d0f0bd8da'),('1c2a8ec0-68dc-4149-a73b-8ac6ab92c7cd','2024-01-19 05:56:47.678506','2024-01-19 05:56:47.678506',NULL,117300,'2023-03-11 14:59:08.000000','1cfeb074-9808-42b5-b417-9758c056e8e2','267d0560-45db-4ca1-9e9d-96eae1c483e7'),('1ca6c3e7-e994-40be-80b9-d82bcf2927a3','2024-01-19 05:56:48.170134','2024-01-19 05:56:48.170134',NULL,2892400,'2023-10-16 14:59:08.000000','163c5d26-ffca-4e9f-854d-e1f37ba0361a','789b7485-e0ff-40c5-8919-661d0f0bd8da'),('1cea65eb-3a80-4bcd-9ba1-d1aac0f37048','2024-01-19 05:56:48.043589','2024-01-19 05:56:48.043589',NULL,2194400,'2023-08-13 14:59:08.000000','dcf6c92f-caeb-4fe8-94be-283032cf2213','789b7485-e0ff-40c5-8919-661d0f0bd8da'),('1d604cb5-ae57-49d0-8c7e-9803c7897afc','2024-01-19 05:56:48.374008','2024-01-19 05:56:48.374008',NULL,2945200,'2023-12-29 14:59:08.000000','93484aab-f150-4119-ae5a-8d6fbe378da0','789b7485-e0ff-40c5-8919-661d0f0bd8da'),('1d7c3ad7-5443-4f72-8c28-909db5b62c96','2024-01-19 05:56:48.081989','2024-01-19 05:56:48.081989',NULL,1684600,'2023-08-31 14:59:08.000000','b7294ac0-dd79-4746-a20b-52ca898f1428','267d0560-45db-4ca1-9e9d-96eae1c483e7'),('1d812426-a6ed-4d8b-8562-0db88c8431c5','2024-01-19 05:56:47.867425','2024-01-19 05:56:47.867425',NULL,3657700,'2023-05-29 14:59:08.000000','32319448-fcf0-48db-bb35-6e9a6714be01','267d0560-45db-4ca1-9e9d-96eae1c483e7'),('1d9d1a39-4c4c-4cb2-9c13-46e90ce60b36','2024-01-19 05:56:48.091034','2024-01-19 05:56:48.091034',NULL,2235400,'2023-09-06 14:59:08.000000','64c3ca5a-54d4-4a3e-9db2-07205e0dd7a3','789b7485-e0ff-40c5-8919-661d0f0bd8da'),('1ddb1847-0a3f-4bd5-99fe-3fb7f3312d84','2024-01-19 05:56:47.599819','2024-01-19 05:56:47.599819',NULL,2467100,'2023-02-05 14:59:08.000000','906f787c-c86e-4051-b9d7-a75a7fdc98b2','789b7485-e0ff-40c5-8919-661d0f0bd8da'),('1e0710e6-cd7e-4ef1-ba0a-4e709eb8e16a','2024-01-19 05:56:47.563028','2024-01-19 05:56:47.563028',NULL,3803800,'2023-01-21 14:59:08.000000','2e5b3100-95ab-46e0-af39-fe0228f404c7','789b7485-e0ff-40c5-8919-661d0f0bd8da'),('1e2e0c69-8165-47a8-9284-e8b395107eff','2024-01-19 05:56:48.338437','2024-01-19 05:56:48.338437',NULL,3290100,'2023-12-20 14:59:08.000000','47170f0c-eee8-4ac5-adad-b3926ca275b6','789b7485-e0ff-40c5-8919-661d0f0bd8da'),('1ee874da-b7b9-4d5c-9aae-d59f063c3741','2024-01-19 05:56:48.069785','2024-01-19 05:56:48.069785',NULL,340900,'2023-08-25 14:59:08.000000','47170f0c-eee8-4ac5-adad-b3926ca275b6','789b7485-e0ff-40c5-8919-661d0f0bd8da'),('1f0cdc4f-ab8b-45a0-a02a-ed4e3b13a440','2024-01-19 05:56:48.056453','2024-01-19 05:56:48.056453',NULL,3172700,'2023-08-18 14:59:08.000000','47170f0c-eee8-4ac5-adad-b3926ca275b6','789b7485-e0ff-40c5-8919-661d0f0bd8da'),('1f3d7d57-0fbd-4498-a1e4-93e3dfd7ff93','2024-01-19 05:56:48.264391','2024-01-19 05:56:48.264391',NULL,3453800,'2023-11-11 14:59:08.000000','26bda858-fc75-4d51-ae0b-f382d802b05a','267d0560-45db-4ca1-9e9d-96eae1c483e7'),('1f929ce6-bb5a-492a-90b2-27ea915caed7','2024-01-19 05:56:47.988820','2024-01-19 05:56:47.988820',NULL,1337700,'2023-07-12 14:59:08.000000','a0bc9191-7b0c-4e50-b715-c35ecb7c9cf8','789b7485-e0ff-40c5-8919-661d0f0bd8da'),('1f9c03f7-b8f1-48ff-88aa-06c77a0dbb0d','2024-01-19 05:56:48.286690','2024-01-19 05:56:48.286690',NULL,2079500,'2023-11-22 14:59:08.000000','3ca2c403-ce53-4ee4-b3a2-91a2f41826f8','789b7485-e0ff-40c5-8919-661d0f0bd8da'),('1fe64482-6272-4d25-a097-b4c71599881d','2024-01-19 05:56:47.891878','2024-01-19 05:56:47.891878',NULL,1665700,'2023-06-07 14:59:08.000000','ff85e6bd-1815-4628-aa37-c3943c810d25','267d0560-45db-4ca1-9e9d-96eae1c483e7'),('204dd55f-602a-48f6-8fed-e771e490eb35','2024-01-19 05:56:47.843891','2024-01-19 05:56:47.843891',NULL,1374800,'2023-05-24 14:59:08.000000','10382b21-307d-4391-8cf5-3d7ab4444d19','789b7485-e0ff-40c5-8919-661d0f0bd8da'),('205a8722-6efa-48b8-afe6-19ea007c8cfc','2024-01-19 05:56:48.085484','2024-01-19 05:56:48.085484',NULL,3739100,'2023-09-02 14:59:08.000000','7030b222-f534-4af4-bc34-eb5d74e9e5eb','789b7485-e0ff-40c5-8919-661d0f0bd8da'),('20728de4-d046-4b53-a2a7-d51fc1b4f4f7','2024-01-19 05:56:48.110832','2024-01-19 05:56:48.110832',NULL,3248100,'2023-09-19 14:59:08.000000','63dc3d8a-0b5a-420e-b1e6-5deb0f7aa478','789b7485-e0ff-40c5-8919-661d0f0bd8da'),('21215796-f09c-4906-b6d5-2c1a5eafbe50','2024-01-19 05:56:47.593574','2024-01-19 05:56:47.593574',NULL,715500,'2023-02-03 14:59:08.000000','9e59050a-96a0-47a7-80fe-70bf17beeb0b','789b7485-e0ff-40c5-8919-661d0f0bd8da'),('2126c587-633e-4ff6-9a5f-e183d7a521bd','2024-01-19 05:56:48.161631','2024-01-19 05:56:48.161631',NULL,611500,'2023-10-11 14:59:08.000000','a0bc9191-7b0c-4e50-b715-c35ecb7c9cf8','267d0560-45db-4ca1-9e9d-96eae1c483e7'),('212aaa3b-026d-4884-b107-4c0dde0b98af','2024-01-19 05:56:47.657485','2024-01-19 05:56:47.657485',NULL,4010600,'2023-03-03 14:59:08.000000','323b2d0f-8a5e-4f2a-9212-dc7c3025908a','267d0560-45db-4ca1-9e9d-96eae1c483e7'),('21404c91-ed31-4bf5-aa44-30f09ceb1c69','2024-01-19 05:56:47.536019','2024-01-19 05:56:47.536019',NULL,3612200,'2023-01-09 14:59:08.000000','d97afe64-a2ca-41f8-8c2a-745489adb40e','789b7485-e0ff-40c5-8919-661d0f0bd8da'),('217b77f3-45fe-4e16-8c3a-3e4a3020f633','2024-01-19 05:56:47.770643','2024-01-19 05:56:47.770643',NULL,4750400,'2023-05-01 14:59:08.000000','56970467-43f1-46f7-9d4d-2fa8527972ec','267d0560-45db-4ca1-9e9d-96eae1c483e7'),('218e441e-4279-4b18-8bc6-5753c1c64bd7','2024-01-19 05:56:48.267926','2024-01-19 05:56:48.267926',NULL,4430500,'2023-11-12 14:59:08.000000','ac305234-15db-4320-a504-cd2997399b73','789b7485-e0ff-40c5-8919-661d0f0bd8da'),('21a2c6cc-183c-4aef-a270-7f2259f7cfc1','2024-01-19 05:56:47.791032','2024-01-19 05:56:47.791032',NULL,2671800,'2023-05-10 14:59:08.000000','3ca2c403-ce53-4ee4-b3a2-91a2f41826f8','267d0560-45db-4ca1-9e9d-96eae1c483e7'),('21c09b1b-42ca-461a-ab7f-5b970572ab60','2024-01-19 05:56:47.647314','2024-01-19 05:56:47.647314',NULL,2735600,'2023-02-27 14:59:08.000000','d07d3741-846a-44dc-ae3c-8bdb828e7e3e','267d0560-45db-4ca1-9e9d-96eae1c483e7'),('21f6eff2-f6ee-4d14-8940-6b7d464cd47d','2024-01-19 05:56:47.930501','2024-01-19 05:56:47.930501',NULL,4582100,'2023-06-25 14:59:08.000000','9692a73c-c87d-4f51-b1b9-7d2111084ffe','789b7485-e0ff-40c5-8919-661d0f0bd8da'),('225f4299-7890-4449-8675-d05c5358391f','2024-01-19 05:56:47.797847','2024-01-19 05:56:47.797847',NULL,3974600,'2023-05-13 14:59:08.000000','a8a6e225-26c3-4d20-a6b4-2f7c507c3fad','267d0560-45db-4ca1-9e9d-96eae1c483e7'),('2302e683-582c-4287-b512-7ec1abae202a','2024-01-19 05:56:47.747480','2024-01-19 05:56:47.747480',NULL,466200,'2023-04-17 14:59:08.000000','c64301b0-1a1f-4c49-8a56-01b331724fae','789b7485-e0ff-40c5-8919-661d0f0bd8da'),('2349fac5-328a-42c8-9898-ab13a6bffeea','2024-01-19 05:56:48.262913','2024-01-19 05:56:48.262913',NULL,2531200,'2023-11-09 14:59:08.000000','0e45ba47-808f-41a4-9323-65d5b90cfefd','789b7485-e0ff-40c5-8919-661d0f0bd8da'),('23920773-4f27-4eff-8102-d08625b0f4dc','2024-01-19 05:56:47.802200','2024-01-19 05:56:47.802200',NULL,217000,'2023-05-17 14:59:08.000000','26bda858-fc75-4d51-ae0b-f382d802b05a','267d0560-45db-4ca1-9e9d-96eae1c483e7'),('239371ee-f0a7-4b40-8426-63e8ba8517b8','2024-01-19 05:56:48.335747','2024-01-19 05:56:48.335747',NULL,3427500,'2023-12-19 14:59:08.000000','d683c509-bda4-4997-877e-6e099df05542','789b7485-e0ff-40c5-8919-661d0f0bd8da'),('2458dec9-6fdd-4b40-8ad4-713f2271825c','2024-01-19 05:56:48.131838','2024-01-19 05:56:48.131838',NULL,149600,'2023-09-26 14:59:08.000000','8d4d07bf-e484-40c2-a470-01ac4f118ecd','789b7485-e0ff-40c5-8919-661d0f0bd8da'),('24e60863-d084-47dc-ac81-6ceab0ee0a8e','2024-01-19 05:56:47.714302','2024-01-19 05:56:47.714302',NULL,1643500,'2023-03-30 14:59:08.000000','2c17f922-58e5-41c2-b53e-0dc710248d26','267d0560-45db-4ca1-9e9d-96eae1c483e7'),('252a8cc7-c559-41fa-befe-eef8313e9d99','2024-01-19 05:56:48.140326','2024-01-19 05:56:48.140326',NULL,2032400,'2023-09-29 14:59:08.000000','2c17f922-58e5-41c2-b53e-0dc710248d26','267d0560-45db-4ca1-9e9d-96eae1c483e7'),('252b8524-00aa-473f-b351-775673060b74','2024-01-19 05:56:48.282977','2024-01-19 05:56:48.282977',NULL,428600,'2023-11-19 14:59:08.000000','ff85e6bd-1815-4628-aa37-c3943c810d25','789b7485-e0ff-40c5-8919-661d0f0bd8da'),('25ca076c-3d64-42f5-bf58-2154b690dbc7','2024-01-19 05:56:48.251446','2024-01-19 05:56:48.251446',NULL,3465600,'2023-11-03 14:59:08.000000','fedaac60-e4d0-4aba-b458-69060ed6cded','267d0560-45db-4ca1-9e9d-96eae1c483e7'),('26221162-aab3-49eb-a35f-5583bde66e5a','2024-01-19 05:56:47.880617','2024-01-19 05:56:47.880617',NULL,4384900,'2023-06-02 14:59:08.000000','63dc3d8a-0b5a-420e-b1e6-5deb0f7aa478','267d0560-45db-4ca1-9e9d-96eae1c483e7'),('2665e702-bdc4-4ffb-919e-6356c3e4a54b','2024-01-19 05:56:48.334252','2024-01-19 05:56:48.334252',NULL,2992700,'2023-12-19 14:59:08.000000','93484aab-f150-4119-ae5a-8d6fbe378da0','267d0560-45db-4ca1-9e9d-96eae1c483e7'),('26794b97-8993-480e-942f-5291aef09251','2024-01-19 05:56:47.859798','2024-01-19 05:56:47.859798',NULL,1446600,'2023-05-27 14:59:08.000000','556fd29b-28bf-49c4-8c6e-65f28118f6be','267d0560-45db-4ca1-9e9d-96eae1c483e7'),('26c9d523-3da5-4197-8ade-7725cbb391ae','2024-01-19 05:56:47.948029','2024-01-19 05:56:47.948029',NULL,1825600,'2023-06-28 14:59:08.000000','c831abe4-94ed-4137-bf18-6c297c2a93f6','789b7485-e0ff-40c5-8919-661d0f0bd8da'),('26d3eb33-872e-4fbe-9d23-73a29cbff4a1','2024-01-19 05:56:48.321401','2024-01-19 05:56:48.321401',NULL,3976700,'2023-12-10 14:59:08.000000','163c5d26-ffca-4e9f-854d-e1f37ba0361a','267d0560-45db-4ca1-9e9d-96eae1c483e7'),('274c20c8-ffbc-4e6f-a528-3a83cca715b0','2024-01-19 05:56:47.897943','2024-01-19 05:56:47.897943',NULL,719400,'2023-06-11 14:59:08.000000','2e5b3100-95ab-46e0-af39-fe0228f404c7','789b7485-e0ff-40c5-8919-661d0f0bd8da'),('279aed4f-5c17-4835-940a-b8185b698201','2024-01-19 05:56:48.262181','2024-01-19 05:56:48.262181',NULL,1285600,'2023-11-09 14:59:08.000000','56970467-43f1-46f7-9d4d-2fa8527972ec','789b7485-e0ff-40c5-8919-661d0f0bd8da'),('28838d40-9d1c-4f55-b634-1a7392f86fb4','2024-01-19 05:56:48.028300','2024-01-19 05:56:48.028300',NULL,3648400,'2023-08-05 14:59:08.000000','7c315450-d2a9-4194-919f-d5db8aef6d73','267d0560-45db-4ca1-9e9d-96eae1c483e7'),('2a05fdfe-6218-436e-8de4-3df632068fde','2024-01-19 05:56:48.314108','2024-01-19 05:56:48.314108',NULL,2351500,'2023-12-05 14:59:08.000000','63dc3d8a-0b5a-420e-b1e6-5deb0f7aa478','267d0560-45db-4ca1-9e9d-96eae1c483e7'),('2a0fafea-96af-4f9a-a56a-f63af3a4d1e3','2024-01-19 05:56:48.022023','2024-01-19 05:56:48.022023',NULL,1850700,'2023-08-02 14:59:08.000000','c68f0628-ace5-425f-8363-b12d33313b7a','267d0560-45db-4ca1-9e9d-96eae1c483e7'),('2a16b784-b9e8-44b8-850d-7220d27932fb','2024-01-19 05:56:47.906234','2024-01-19 05:56:47.906234',NULL,1988300,'2023-06-14 14:59:08.000000','7030b222-f534-4af4-bc34-eb5d74e9e5eb','267d0560-45db-4ca1-9e9d-96eae1c483e7'),('2a324b98-67d1-435f-b118-98cf937194c8','2024-01-19 05:56:48.290776','2024-01-19 05:56:48.290776',NULL,1626700,'2023-11-24 14:59:08.000000','40bce365-c6e9-47a4-8877-622cfa07ce18','267d0560-45db-4ca1-9e9d-96eae1c483e7'),('2a854979-78a6-49c8-a10c-f825172fd58b','2024-01-19 05:56:47.620385','2024-01-19 05:56:47.620385',NULL,3145300,'2023-02-12 14:59:08.000000','d97afe64-a2ca-41f8-8c2a-745489adb40e','789b7485-e0ff-40c5-8919-661d0f0bd8da'),('2ac25b3f-2715-4153-95cc-0712043195a0','2024-01-19 05:56:48.017853','2024-01-19 05:56:48.017853',NULL,3357800,'2023-07-31 14:59:08.000000','94b5dd2d-8af2-48de-8fd5-e81d79c2a0de','267d0560-45db-4ca1-9e9d-96eae1c483e7'),('2ad5c683-a80b-4832-9437-68596adf97cd','2024-01-19 05:56:47.526940','2024-01-19 05:56:47.526940',NULL,1829800,'2023-01-06 14:59:08.000000','d97afe64-a2ca-41f8-8c2a-745489adb40e','789b7485-e0ff-40c5-8919-661d0f0bd8da'),('2adef448-3c18-4cc2-8d4a-d1150957bd84','2024-01-19 05:56:48.257345','2024-01-19 05:56:48.257345',NULL,1927500,'2023-11-07 14:59:08.000000','d77ee9cb-3588-40e7-9c81-8015f463be43','789b7485-e0ff-40c5-8919-661d0f0bd8da'),('2b019c09-3dc1-45ca-b614-f1032703649c','2024-01-19 05:56:47.977423','2024-01-19 05:56:47.977423',NULL,2208700,'2023-07-06 14:59:08.000000','4b6bf3e2-fdfd-4695-b2de-5abfa681aef6','267d0560-45db-4ca1-9e9d-96eae1c483e7'),('2b6b0f92-b3ce-4d93-9301-4d5e5d26382b','2024-01-19 05:56:48.343321','2024-01-19 05:56:48.343321',NULL,2975400,'2023-12-21 14:59:08.000000','64c3ca5a-54d4-4a3e-9db2-07205e0dd7a3','267d0560-45db-4ca1-9e9d-96eae1c483e7'),('2b6db06d-b238-496b-a8d5-f2d67ff904df','2024-01-19 05:56:47.560303','2024-01-19 05:56:47.560303',NULL,2245100,'2023-01-21 14:59:08.000000','4b6bf3e2-fdfd-4695-b2de-5abfa681aef6','267d0560-45db-4ca1-9e9d-96eae1c483e7'),('2bad9799-f9e1-4a9c-a2aa-92f320e57163','2024-01-19 05:56:48.174382','2024-01-19 05:56:48.174382',NULL,1062900,'2023-10-18 14:59:08.000000','55151100-282e-4a75-8f99-53b5af7968d9','789b7485-e0ff-40c5-8919-661d0f0bd8da'),('2bcbaf2e-8755-4325-a880-d4b7c5339633','2024-01-19 05:56:47.795150','2024-01-19 05:56:47.795150',NULL,933100,'2023-05-11 14:59:08.000000','9692a73c-c87d-4f51-b1b9-7d2111084ffe','789b7485-e0ff-40c5-8919-661d0f0bd8da'),('2c0773c7-ff6b-4740-8b45-d605f8aeebc9','2024-01-19 05:56:47.523688','2024-01-19 05:56:47.523688',NULL,1775900,'2023-01-04 14:59:08.000000','a0bc9191-7b0c-4e50-b715-c35ecb7c9cf8','267d0560-45db-4ca1-9e9d-96eae1c483e7'),('2c390deb-653a-41b9-a7fa-993d8964f2c4','2024-01-19 05:56:48.169392','2024-01-19 05:56:48.169392',NULL,4595000,'2023-10-15 14:59:08.000000','5f377e37-a646-4ec0-b99d-073346912a33','267d0560-45db-4ca1-9e9d-96eae1c483e7'),('2cab1f09-1848-4956-8260-262d43cfff5a','2024-01-19 05:56:48.065759','2024-01-19 05:56:48.065759',NULL,4472600,'2023-08-23 14:59:08.000000','3a47f4bd-8271-41ec-8202-20a55565c4b3','789b7485-e0ff-40c5-8919-661d0f0bd8da'),('2cb38716-b26e-4d83-9319-c083010abd2b','2024-01-19 05:56:47.572819','2024-01-19 05:56:47.572819',NULL,648100,'2023-01-25 14:59:08.000000','0875b44f-28fa-4322-bb51-b7043108b638','789b7485-e0ff-40c5-8919-661d0f0bd8da'),('2ceb9e76-b5fe-4f90-ac25-71c87f717439','2024-01-19 05:56:47.701415','2024-01-19 05:56:47.701415',NULL,4975600,'2023-03-23 14:59:08.000000','d683c509-bda4-4997-877e-6e099df05542','267d0560-45db-4ca1-9e9d-96eae1c483e7'),('2d0b989b-f015-4fb9-bedf-fa306453f1dd','2024-01-19 05:56:48.344799','2024-01-19 05:56:48.344799',NULL,1558700,'2023-12-22 14:59:08.000000','9af49e8d-dda1-4639-afd2-4c6d1e45e415','789b7485-e0ff-40c5-8919-661d0f0bd8da'),('2d0bd2a4-9b76-4a1c-b35c-c96ce5d17d5a','2024-01-19 05:56:48.123802','2024-01-19 05:56:48.123802',NULL,1132600,'2023-09-23 14:59:08.000000','3ca2c403-ce53-4ee4-b3a2-91a2f41826f8','789b7485-e0ff-40c5-8919-661d0f0bd8da'),('2d5d44bf-e5b0-4add-9ac6-0b4199fde430','2024-01-19 05:56:47.807203','2024-01-19 05:56:47.807203',NULL,3892000,'2023-05-18 14:59:08.000000','94b5dd2d-8af2-48de-8fd5-e81d79c2a0de','267d0560-45db-4ca1-9e9d-96eae1c483e7'),('2d97bd62-9e86-4db0-9dd6-b600c7554393','2024-01-19 05:56:47.846944','2024-01-19 05:56:47.846944',NULL,2036800,'2023-05-24 14:59:08.000000','2210e1c2-519c-48e2-af1a-49531cdf7585','267d0560-45db-4ca1-9e9d-96eae1c483e7'),('2ef03d6e-7acc-4c0b-bc7e-4ca3cbeef673','2024-01-19 05:56:47.644748','2024-01-19 05:56:47.644748',NULL,2602000,'2023-02-27 14:59:08.000000','5f377e37-a646-4ec0-b99d-073346912a33','267d0560-45db-4ca1-9e9d-96eae1c483e7'),('2f117f3c-bb1b-4c8a-8a56-4cee35be1b97','2024-01-19 05:56:47.606045','2024-01-19 05:56:47.606045',NULL,4985300,'2023-02-06 14:59:08.000000','34fbac25-9ac0-4d00-aa2b-8b37dfd6fed2','789b7485-e0ff-40c5-8919-661d0f0bd8da'),('2f2a1c14-68c5-4905-a64d-3d648bad726c','2024-01-19 05:56:48.150261','2024-01-19 05:56:48.150261',NULL,4394400,'2023-10-07 14:59:08.000000','414a1d1e-53c5-49d1-a043-2f43c9c4d693','267d0560-45db-4ca1-9e9d-96eae1c483e7'),('308d4d08-8744-471d-b052-07a9d93c5715','2024-01-19 05:56:47.750568','2024-01-19 05:56:47.750568',NULL,4471000,'2023-04-18 14:59:08.000000','8376c502-887e-4132-9e26-6e1409650ca6','267d0560-45db-4ca1-9e9d-96eae1c483e7'),('311a5fb5-3173-4421-aa86-95cae48fc99d','2024-01-19 05:56:47.978925','2024-01-19 05:56:47.978925',NULL,1075800,'2023-07-07 14:59:08.000000','d97afe64-a2ca-41f8-8c2a-745489adb40e','789b7485-e0ff-40c5-8919-661d0f0bd8da'),('31626d0c-fcc4-4aa0-a94d-7574db9511a6','2024-01-19 05:56:47.970850','2024-01-19 05:56:47.970850',NULL,2392600,'2023-07-03 14:59:08.000000','3384a0f8-300a-43b1-85f9-1962fb11fc58','789b7485-e0ff-40c5-8919-661d0f0bd8da'),('316d9848-36ae-4ddf-88b1-85137374c643','2024-01-19 05:56:47.761266','2024-01-19 05:56:47.761266',NULL,4999100,'2023-04-27 14:59:08.000000','8d4d07bf-e484-40c2-a470-01ac4f118ecd','789b7485-e0ff-40c5-8919-661d0f0bd8da'),('31839128-f57f-47a3-9a84-7f8dce901cb3','2024-01-19 05:56:47.831799','2024-01-19 05:56:47.831799',NULL,2474600,'2023-05-22 14:59:08.000000','3a47f4bd-8271-41ec-8202-20a55565c4b3','789b7485-e0ff-40c5-8919-661d0f0bd8da'),('318f7610-8ef0-42e8-a94d-c000845303b5','2024-01-19 05:56:48.350455','2024-01-19 05:56:48.350455',NULL,1141700,'2023-12-23 14:59:08.000000','0e694c04-8250-404f-8b32-769702c52e69','789b7485-e0ff-40c5-8919-661d0f0bd8da'),('31a35a9a-271d-447b-ad22-142043eff1c4','2024-01-19 05:56:48.064325','2024-01-19 05:56:48.064325',NULL,228900,'2023-08-22 14:59:08.000000','7030b222-f534-4af4-bc34-eb5d74e9e5eb','267d0560-45db-4ca1-9e9d-96eae1c483e7'),('31a738c4-41ee-4fbe-8837-5c2880482680','2024-01-19 05:56:48.188847','2024-01-19 05:56:48.188847',NULL,643700,'2023-10-22 14:59:08.000000','7bb44c13-f988-4c61-a8ef-307551405e72','789b7485-e0ff-40c5-8919-661d0f0bd8da'),('31de2d56-3056-4d3f-bee9-c436a532fc90','2024-01-19 05:56:47.924348','2024-01-19 05:56:47.924348',NULL,4361000,'2023-06-23 14:59:08.000000','5f377e37-a646-4ec0-b99d-073346912a33','267d0560-45db-4ca1-9e9d-96eae1c483e7'),('32184c25-8358-45f3-8b37-09ef31d4fa58','2024-01-19 05:56:47.915421','2024-01-19 05:56:47.915421',NULL,573900,'2023-06-18 14:59:08.000000','6d2f1a4e-a47a-4e0c-8f57-bbc3af2fd5b6','789b7485-e0ff-40c5-8919-661d0f0bd8da'),('32ef4fe9-9b45-4635-b05f-2afa5389acf7','2024-01-19 05:56:47.673967','2024-01-19 05:56:47.673967',NULL,4939300,'2023-03-10 14:59:08.000000','4a6b7467-d821-4578-8886-a655e8295e26','267d0560-45db-4ca1-9e9d-96eae1c483e7'),('3300bd23-0885-46a9-87d7-bef1d2bcd07c','2024-01-19 05:56:47.804038','2024-01-19 05:56:47.804038',NULL,4020800,'2023-05-17 14:59:08.000000','0e694c04-8250-404f-8b32-769702c52e69','267d0560-45db-4ca1-9e9d-96eae1c483e7'),('33116c97-16d7-4aed-b1f2-41fb4e56bdc8','2024-01-19 05:56:47.911972','2024-01-19 05:56:47.911972',NULL,1424700,'2023-06-16 14:59:08.000000','20a920bf-dbc7-4c2b-84c8-d5e828395364','789b7485-e0ff-40c5-8919-661d0f0bd8da'),('3367ed51-3d32-4daf-acc4-d45daa88f5c4','2024-01-19 05:56:47.658378','2024-01-19 05:56:47.658378',NULL,4228200,'2023-03-03 14:59:08.000000','dcf6c92f-caeb-4fe8-94be-283032cf2213','267d0560-45db-4ca1-9e9d-96eae1c483e7'),('338b8e05-8d55-4f36-818a-9344170ecf4e','2024-01-19 05:56:47.879687','2024-01-19 05:56:47.879687',NULL,4026400,'2023-06-02 14:59:08.000000','a531b94d-d879-4139-a506-d682bdaf4506','267d0560-45db-4ca1-9e9d-96eae1c483e7'),('33c57f7f-08b6-4b75-8211-64708278cb21','2024-01-19 05:56:48.173814','2024-01-19 05:56:48.173814',NULL,1717800,'2023-10-18 14:59:08.000000','0875b44f-28fa-4322-bb51-b7043108b638','789b7485-e0ff-40c5-8919-661d0f0bd8da'),('33cafe3c-82d9-4be4-8965-20360e491dcf','2024-01-19 05:56:48.380171','2024-01-19 05:56:48.380171',NULL,699700,'2024-01-01 14:59:08.000000','6dcd496f-4902-40c2-a665-b7a204232403','789b7485-e0ff-40c5-8919-661d0f0bd8da'),('33fc6885-9fab-42af-975b-c00beebef249','2024-01-19 05:56:48.316283','2024-01-19 05:56:48.316283',NULL,3192700,'2023-12-08 14:59:08.000000','06928d73-5ab2-41e6-ac65-97bc25032c90','789b7485-e0ff-40c5-8919-661d0f0bd8da'),('341a3db8-d3d7-4eeb-88db-fc6f1c9d7c2d','2024-01-19 05:56:48.312431','2024-01-19 05:56:48.312431',NULL,1945300,'2023-12-04 14:59:08.000000','880ccb67-8061-4756-bbb8-bf4033660133','789b7485-e0ff-40c5-8919-661d0f0bd8da'),('34ec2104-0646-413d-aaa3-b58f0090d16e','2024-01-19 05:56:48.310682','2024-01-19 05:56:48.310682',NULL,2749100,'2023-12-03 14:59:08.000000','4a6b7467-d821-4578-8886-a655e8295e26','789b7485-e0ff-40c5-8919-661d0f0bd8da'),('3558a6b9-dfc7-4637-a7bc-9cb06e5b5dbc','2024-01-19 05:56:48.017248','2024-01-19 05:56:48.017248',NULL,1377100,'2023-07-30 14:59:08.000000','4a6b7467-d821-4578-8886-a655e8295e26','789b7485-e0ff-40c5-8919-661d0f0bd8da'),('3574298f-f7ff-4568-94eb-4592dfa8f7b5','2024-01-19 05:56:48.070857','2024-01-19 05:56:48.070857',NULL,4512500,'2023-08-26 14:59:08.000000','d77ee9cb-3588-40e7-9c81-8015f463be43','789b7485-e0ff-40c5-8919-661d0f0bd8da'),('359107d6-546d-4f9f-ac6d-ae48429ee6ed','2024-01-19 05:56:47.850004','2024-01-19 05:56:47.850004',NULL,4092800,'2023-05-24 14:59:08.000000','0e694c04-8250-404f-8b32-769702c52e69','789b7485-e0ff-40c5-8919-661d0f0bd8da'),('35947e67-7280-4519-9285-f00c34ef2d1d','2024-01-19 05:56:47.748128','2024-01-19 05:56:47.748128',NULL,4175400,'2023-04-17 14:59:08.000000','8ad38415-e27e-4a21-a7c1-9616b04cfb7c','789b7485-e0ff-40c5-8919-661d0f0bd8da'),('35bae272-37ff-418f-a5d8-f7cb1a10ecf3','2024-01-19 05:56:48.176588','2024-01-19 05:56:48.176588',NULL,3810800,'2023-10-20 14:59:08.000000','8ad38415-e27e-4a21-a7c1-9616b04cfb7c','789b7485-e0ff-40c5-8919-661d0f0bd8da'),('35c6cfcc-94af-46b2-8aba-f7663139c4d2','2024-01-19 05:56:48.145468','2024-01-19 05:56:48.145468',NULL,1826600,'2023-10-03 14:59:08.000000','ff85e6bd-1815-4628-aa37-c3943c810d25','267d0560-45db-4ca1-9e9d-96eae1c483e7'),('36157eb5-e5f8-4c86-b1f6-c2abbbb8fbc5','2024-01-19 05:56:47.636998','2024-01-19 05:56:47.636998',NULL,760500,'2023-02-21 14:59:08.000000','163c5d26-ffca-4e9f-854d-e1f37ba0361a','267d0560-45db-4ca1-9e9d-96eae1c483e7'),('361ab1f6-9960-4f62-8418-a5ec9aad98b9','2024-01-19 05:56:48.127739','2024-01-19 05:56:48.127739',NULL,2951300,'2023-09-25 14:59:08.000000','ff85e6bd-1815-4628-aa37-c3943c810d25','267d0560-45db-4ca1-9e9d-96eae1c483e7'),('36fdea53-c7cd-43cc-a9fe-f2a72c8addc1','2024-01-19 05:56:48.038468','2024-01-19 05:56:48.038468',NULL,3445900,'2023-08-09 14:59:08.000000','06928d73-5ab2-41e6-ac65-97bc25032c90','789b7485-e0ff-40c5-8919-661d0f0bd8da'),('371167c8-5a41-46dc-bbf8-0bf8a6480387','2024-01-19 05:56:47.675308','2024-01-19 05:56:47.675308',NULL,2390600,'2023-03-10 14:59:08.000000','032f81ca-2f18-4830-a4a0-eba888d2023a','267d0560-45db-4ca1-9e9d-96eae1c483e7'),('3713f577-6e42-4185-a6f2-477394231b05','2024-01-19 05:56:48.192513','2024-01-19 05:56:48.192513',NULL,842600,'2023-10-24 14:59:08.000000','edcc6825-49cb-4b89-aab0-2dc7f372fb86','267d0560-45db-4ca1-9e9d-96eae1c483e7'),('374b7225-6d14-42de-9ee5-0cf5c5212c20','2024-01-19 05:56:47.921460','2024-01-19 05:56:47.921460',NULL,3992000,'2023-06-22 14:59:08.000000','9af49e8d-dda1-4639-afd2-4c6d1e45e415','789b7485-e0ff-40c5-8919-661d0f0bd8da'),('38023347-2143-4aca-af2b-de9de77f6d3a','2024-01-19 05:56:47.610396','2024-01-19 05:56:47.610396',NULL,1847300,'2023-02-08 14:59:08.000000','2331faae-2959-4d71-8ee5-432e0ecf2618','789b7485-e0ff-40c5-8919-661d0f0bd8da'),('385d9de2-fd3f-40e7-b191-bfadf36e0393','2024-01-19 05:56:47.724678','2024-01-19 05:56:47.724678',NULL,4107100,'2023-04-07 14:59:08.000000','4a6b7467-d821-4578-8886-a655e8295e26','267d0560-45db-4ca1-9e9d-96eae1c483e7'),('390ef6f1-a610-40e0-acf4-afe6c8fd48e2','2024-01-19 05:56:48.383408','2024-01-19 05:56:48.383408',NULL,1254200,'2024-01-02 14:59:08.000000','a0bc9191-7b0c-4e50-b715-c35ecb7c9cf8','267d0560-45db-4ca1-9e9d-96eae1c483e7'),('3949b9b0-174e-4e80-9edf-cf7ff47eebd7','2024-01-19 05:56:47.698711','2024-01-19 05:56:47.698711',NULL,2195500,'2023-03-22 14:59:08.000000','d683c509-bda4-4997-877e-6e099df05542','267d0560-45db-4ca1-9e9d-96eae1c483e7'),('39a83056-0205-444e-8cb0-4feee1b5dcf9','2024-01-19 05:56:48.132544','2024-01-19 05:56:48.132544',NULL,689200,'2023-09-27 14:59:08.000000','83dfe0b1-a623-4465-aaeb-f0d54dba6bc9','267d0560-45db-4ca1-9e9d-96eae1c483e7'),('39cdd471-2b6c-4581-934d-0db75133d08a','2024-01-19 05:56:47.605365','2024-01-19 05:56:47.605365',NULL,1657000,'2023-02-06 14:59:08.000000','6dcd496f-4902-40c2-a665-b7a204232403','267d0560-45db-4ca1-9e9d-96eae1c483e7'),('39cec272-987b-4c42-8431-04f3694c0f93','2024-01-19 05:56:47.727191','2024-01-19 05:56:47.727191',NULL,1923000,'2023-04-09 14:59:08.000000','dcf6c92f-caeb-4fe8-94be-283032cf2213','267d0560-45db-4ca1-9e9d-96eae1c483e7'),('39fc8667-b233-4d33-b856-dc2fa86888ab','2024-01-19 05:56:48.283740','2024-01-19 05:56:48.283740',NULL,4753500,'2023-11-20 14:59:08.000000','44ab16dc-9c86-4a5d-839a-e1f30bbbccb6','789b7485-e0ff-40c5-8919-661d0f0bd8da'),('3b3a68b9-3871-4d90-8f83-d83369be1f10','2024-01-19 05:56:47.868436','2024-01-19 05:56:47.868436',NULL,1732400,'2023-05-30 14:59:08.000000','26bda858-fc75-4d51-ae0b-f382d802b05a','267d0560-45db-4ca1-9e9d-96eae1c483e7'),('3be1aeea-5f16-4fd5-8f8b-cc18d692b85a','2024-01-19 05:56:47.964670','2024-01-19 05:56:47.964670',NULL,814400,'2023-07-01 14:59:08.000000','51b2e151-da5e-4743-800e-723fec04076e','267d0560-45db-4ca1-9e9d-96eae1c483e7'),('3becf9f8-0675-4ec1-8916-e23bae9fac57','2024-01-19 05:56:48.245006','2024-01-19 05:56:48.245006',NULL,824400,'2023-11-01 14:59:08.000000','5f377e37-a646-4ec0-b99d-073346912a33','789b7485-e0ff-40c5-8919-661d0f0bd8da'),('3c4e6611-94cd-4f3a-bc5b-e6d871fd6a11','2024-01-19 05:56:47.612698','2024-01-19 05:56:47.612698',NULL,1766400,'2023-02-09 14:59:08.000000','b0397be6-bdd2-40f7-9736-a1abc98554d1','267d0560-45db-4ca1-9e9d-96eae1c483e7'),('3c61281f-eb82-4bc6-9971-c2e75ee92c54','2024-01-19 05:56:48.097590','2024-01-19 05:56:48.097590',NULL,4843900,'2023-09-10 14:59:08.000000','51b2e151-da5e-4743-800e-723fec04076e','267d0560-45db-4ca1-9e9d-96eae1c483e7'),('3c880472-ba3c-4324-93f8-d9168e3591c4','2024-01-19 05:56:47.717111','2024-01-19 05:56:47.717111',NULL,2649900,'2023-04-02 14:59:08.000000','880ccb67-8061-4756-bbb8-bf4033660133','789b7485-e0ff-40c5-8919-661d0f0bd8da'),('3cc9addf-dba1-412a-9460-d3272c620205','2024-01-19 05:56:48.291709','2024-01-19 05:56:48.291709',NULL,3576200,'2023-11-24 14:59:08.000000','ac305234-15db-4320-a504-cd2997399b73','789b7485-e0ff-40c5-8919-661d0f0bd8da'),('3ce07284-4e40-47a3-b94e-ea7118a07052','2024-01-19 05:56:47.992023','2024-01-19 05:56:47.992023',NULL,1191700,'2023-07-14 14:59:08.000000','2b67dbf0-ed3a-4442-8fb8-6930676f85e4','267d0560-45db-4ca1-9e9d-96eae1c483e7'),('3d43af27-4cb8-402a-b5f3-9a4ae4457f38','2024-01-19 05:56:48.313548','2024-01-19 05:56:48.313548',NULL,4097900,'2023-12-05 14:59:08.000000','36f069f8-6737-4c58-b967-720e2c324708','789b7485-e0ff-40c5-8919-661d0f0bd8da'),('3d59cdb3-d6e8-4267-bb8b-d9e06f32ce19','2024-01-19 05:56:48.301394','2024-01-19 05:56:48.301394',NULL,4604900,'2023-11-30 14:59:08.000000','d304305a-3016-448f-ba0b-44d055567619','789b7485-e0ff-40c5-8919-661d0f0bd8da'),('3d732422-cb19-4bf1-bfcb-b2af116af382','2024-01-19 05:56:47.760136','2024-01-19 05:56:47.760136',NULL,4380100,'2023-04-26 14:59:08.000000','d77ee9cb-3588-40e7-9c81-8015f463be43','789b7485-e0ff-40c5-8919-661d0f0bd8da'),('3d7bbf83-287b-4991-b470-2803fd671ee9','2024-01-19 05:56:47.756909','2024-01-19 05:56:47.756909',NULL,1914000,'2023-04-22 14:59:08.000000','fedaac60-e4d0-4aba-b458-69060ed6cded','267d0560-45db-4ca1-9e9d-96eae1c483e7'),('3e0c407a-0832-4a98-8509-4ecfffb6847f','2024-01-19 05:56:48.356860','2024-01-19 05:56:48.356860',NULL,4404000,'2023-12-26 14:59:08.000000','0875b44f-28fa-4322-bb51-b7043108b638','789b7485-e0ff-40c5-8919-661d0f0bd8da'),('3e2a0920-3e55-4254-86ca-4cdbc1cdda07','2024-01-19 05:56:48.099569','2024-01-19 05:56:48.099569',NULL,246400,'2023-09-12 14:59:08.000000','6b9e1d80-63b9-4810-b249-ea1549704832','789b7485-e0ff-40c5-8919-661d0f0bd8da'),('3e56e7fc-b814-4ebb-9fcd-f5b637cf1153','2024-01-19 05:56:48.248409','2024-01-19 05:56:48.248409',NULL,4537100,'2023-11-01 14:59:08.000000','20a920bf-dbc7-4c2b-84c8-d5e828395364','267d0560-45db-4ca1-9e9d-96eae1c483e7'),('3e6a963f-0ed1-4ef0-97f5-15628caebc83','2024-01-19 05:56:47.582203','2024-01-19 05:56:47.582203',NULL,4535200,'2023-01-31 14:59:08.000000','15e2a7e1-3fce-424a-9c93-715826187716','789b7485-e0ff-40c5-8919-661d0f0bd8da'),('3e8d7e10-9b0c-44ff-9464-c8b805a8effb','2024-01-19 05:56:48.058167','2024-01-19 05:56:48.058167',NULL,100200,'2023-08-19 14:59:08.000000','fedaac60-e4d0-4aba-b458-69060ed6cded','789b7485-e0ff-40c5-8919-661d0f0bd8da'),('3e8e7f9d-2656-4088-926f-d8829b08c474','2024-01-19 05:56:47.598636','2024-01-19 05:56:47.598636',NULL,1189000,'2023-02-04 14:59:08.000000','51b2e151-da5e-4743-800e-723fec04076e','789b7485-e0ff-40c5-8919-661d0f0bd8da'),('3e9c5014-85c8-4e77-8293-842487ae0054','2024-01-19 05:56:48.249400','2024-01-19 05:56:48.249400',NULL,4408100,'2023-11-02 14:59:08.000000','b2cf622e-eb4f-48f3-bb7c-cfd38353e5a0','267d0560-45db-4ca1-9e9d-96eae1c483e7'),('3ea08f73-a7e4-4034-9ef6-d20ebbbd8de7','2024-01-19 05:56:48.110092','2024-01-19 05:56:48.110092',NULL,3004700,'2023-09-19 14:59:08.000000','6a8f52d0-03b8-47f6-bbb7-1cfef8eb48cc','789b7485-e0ff-40c5-8919-661d0f0bd8da'),('3eb0483b-a7d2-435f-b740-e754ff3013bb','2024-01-19 05:56:47.502670','2024-01-19 05:56:47.502670',NULL,4070200,'2023-01-03 14:59:08.000000','5f377e37-a646-4ec0-b99d-073346912a33','789b7485-e0ff-40c5-8919-661d0f0bd8da'),('3f2e8198-ddf3-4533-aa99-b63224e299e4','2024-01-19 05:56:47.767903','2024-01-19 05:56:47.767903',NULL,747800,'2023-05-01 14:59:08.000000','b0397be6-bdd2-40f7-9736-a1abc98554d1','789b7485-e0ff-40c5-8919-661d0f0bd8da'),('3f403791-ba62-4583-825f-eab110ff05fd','2024-01-19 05:56:48.194006','2024-01-19 05:56:48.194006',NULL,4968800,'2023-10-25 14:59:08.000000','e46f171b-b50e-47ba-9f15-575149d62772','267d0560-45db-4ca1-9e9d-96eae1c483e7'),('4038512e-55d5-4ff9-8c81-07f4275f5960','2024-01-19 05:56:47.795686','2024-01-19 05:56:47.795686',NULL,843800,'2023-05-11 14:59:08.000000','084e5b27-e4b0-48f7-8569-76b7a3c5ff6f','789b7485-e0ff-40c5-8919-661d0f0bd8da'),('40eb57b8-0d8d-4e60-89f3-ff9a0ce6b725','2024-01-19 05:56:47.634434','2024-01-19 05:56:47.634434',NULL,2055100,'2023-02-20 14:59:08.000000','026cfdf3-d7ee-4b25-84ab-e1bcd185de52','267d0560-45db-4ca1-9e9d-96eae1c483e7'),('40f7b353-62e1-4215-b8ea-f2b14ee90af5','2024-01-19 05:56:47.721132','2024-01-19 05:56:47.721132',NULL,3379500,'2023-04-06 14:59:08.000000','2210e1c2-519c-48e2-af1a-49531cdf7585','267d0560-45db-4ca1-9e9d-96eae1c483e7'),('41814702-be8f-41fc-b4e5-82d6a63fd471','2024-01-19 05:56:47.915986','2024-01-19 05:56:47.915986',NULL,1767900,'2023-06-18 14:59:08.000000','0e45ba47-808f-41a4-9323-65d5b90cfefd','789b7485-e0ff-40c5-8919-661d0f0bd8da'),('4195ba4e-fbe5-4559-8fc0-8bc9a36c615f','2024-01-19 05:56:47.628647','2024-01-19 05:56:47.628647',NULL,3885400,'2023-02-16 14:59:08.000000','dcf6c92f-caeb-4fe8-94be-283032cf2213','267d0560-45db-4ca1-9e9d-96eae1c483e7'),('41c3d24e-e389-4440-a7e6-e76f685ee6b4','2024-01-19 05:56:48.171305','2024-01-19 05:56:48.171305',NULL,4046600,'2023-10-16 14:59:08.000000','880ccb67-8061-4756-bbb8-bf4033660133','267d0560-45db-4ca1-9e9d-96eae1c483e7'),('41ff672c-25cd-477a-8df1-997fb37dd334','2024-01-19 05:56:48.299632','2024-01-19 05:56:48.299632',NULL,851100,'2023-11-30 14:59:08.000000','6d2f1a4e-a47a-4e0c-8f57-bbc3af2fd5b6','789b7485-e0ff-40c5-8919-661d0f0bd8da'),('42369918-dbbe-414a-9efb-0fc2b603ed85','2024-01-19 05:56:48.378374','2024-01-19 05:56:48.378374',NULL,3261300,'2023-12-31 14:59:08.000000','c131a2f4-b00c-40b4-a822-ea3b2e7773c9','789b7485-e0ff-40c5-8919-661d0f0bd8da'),('423926c8-7414-46be-8b3a-f9f256f0a505','2024-01-19 05:56:48.115766','2024-01-19 05:56:48.115766',NULL,4972600,'2023-09-21 14:59:08.000000','084e5b27-e4b0-48f7-8569-76b7a3c5ff6f','267d0560-45db-4ca1-9e9d-96eae1c483e7'),('42872105-0f40-4adb-813b-c35561dfc192','2024-01-19 05:56:48.050326','2024-01-19 05:56:48.050326',NULL,4106500,'2023-08-15 14:59:08.000000','3ca2c403-ce53-4ee4-b3a2-91a2f41826f8','789b7485-e0ff-40c5-8919-661d0f0bd8da'),('4299b3af-627f-45d7-815c-74b711ae1a00','2024-01-19 05:56:47.537177','2024-01-19 05:56:47.537177',NULL,3314100,'2023-01-10 14:59:08.000000','906f787c-c86e-4051-b9d7-a75a7fdc98b2','267d0560-45db-4ca1-9e9d-96eae1c483e7'),('42bc2655-5dc6-4c23-b603-af69a717f0e2','2024-01-19 05:56:48.142263','2024-01-19 05:56:48.142263',NULL,1455200,'2023-09-30 14:59:08.000000','15e2a7e1-3fce-424a-9c93-715826187716','789b7485-e0ff-40c5-8919-661d0f0bd8da'),('4362127e-4fd7-4805-8306-038936d8ce56','2024-01-19 05:56:48.358886','2024-01-19 05:56:48.358886',NULL,551500,'2023-12-26 14:59:08.000000','4a6b7467-d821-4578-8886-a655e8295e26','267d0560-45db-4ca1-9e9d-96eae1c483e7'),('437816a2-594d-446c-931f-f38ccd864064','2024-01-19 05:56:48.156176','2024-01-19 05:56:48.156176',NULL,2207400,'2023-10-10 14:59:08.000000','2b67dbf0-ed3a-4442-8fb8-6930676f85e4','789b7485-e0ff-40c5-8919-661d0f0bd8da'),('43ae5b42-676c-4cff-9f8a-d65695ed5d5a','2024-01-19 05:56:48.136232','2024-01-19 05:56:48.136232',NULL,4698900,'2023-09-27 14:59:08.000000','8376c502-887e-4132-9e26-6e1409650ca6','789b7485-e0ff-40c5-8919-661d0f0bd8da'),('4415b918-01ff-484f-9532-295111e599aa','2024-01-19 05:56:48.097056','2024-01-19 05:56:48.097056',NULL,1677500,'2023-09-10 14:59:08.000000','32319448-fcf0-48db-bb35-6e9a6714be01','267d0560-45db-4ca1-9e9d-96eae1c483e7'),('44e77b51-3a8c-4760-9a1d-c302487fcb76','2024-01-19 05:56:47.576984','2024-01-19 05:56:47.576984',NULL,1185700,'2023-01-28 14:59:08.000000','9e59050a-96a0-47a7-80fe-70bf17beeb0b','789b7485-e0ff-40c5-8919-661d0f0bd8da'),('44eb80d0-935e-49cf-a514-040be407c222','2024-01-19 05:56:48.275126','2024-01-19 05:56:48.275126',NULL,1964400,'2023-11-15 14:59:08.000000','2331faae-2959-4d71-8ee5-432e0ecf2618','267d0560-45db-4ca1-9e9d-96eae1c483e7'),('45183058-9b1f-4441-a7f2-a66d506073a2','2024-01-19 05:56:48.133564','2024-01-19 05:56:48.133564',NULL,136600,'2023-09-27 14:59:08.000000','36f069f8-6737-4c58-b967-720e2c324708','789b7485-e0ff-40c5-8919-661d0f0bd8da'),('46763f52-be38-472d-8c62-133c284b1c5f','2024-01-19 05:56:48.116266','2024-01-19 05:56:48.116266',NULL,2429700,'2023-09-21 14:59:08.000000','b2f8ad3a-8a36-4e33-9560-720ff67246a4','267d0560-45db-4ca1-9e9d-96eae1c483e7'),('4676c904-3c02-417f-a51d-6625af2a007f','2024-01-19 05:56:47.651985','2024-01-19 05:56:47.651985',NULL,2086000,'2023-03-01 14:59:08.000000','32319448-fcf0-48db-bb35-6e9a6714be01','267d0560-45db-4ca1-9e9d-96eae1c483e7'),('46ede474-a79e-4616-bda5-0765b8723c85','2024-01-19 05:56:48.271969','2024-01-19 05:56:48.271969',NULL,662000,'2023-11-14 14:59:08.000000','a531b94d-d879-4139-a506-d682bdaf4506','789b7485-e0ff-40c5-8919-661d0f0bd8da'),('4709150c-448e-462f-aa71-f23766a3c196','2024-01-19 05:56:47.631289','2024-01-19 05:56:47.631289',NULL,4138700,'2023-02-18 14:59:08.000000','36f069f8-6737-4c58-b967-720e2c324708','267d0560-45db-4ca1-9e9d-96eae1c483e7'),('485ee09a-f65a-43e4-a17b-7c4f6c51a993','2024-01-19 05:56:47.545840','2024-01-19 05:56:47.545840',NULL,4914600,'2023-01-13 14:59:08.000000','880ccb67-8061-4756-bbb8-bf4033660133','267d0560-45db-4ca1-9e9d-96eae1c483e7'),('486dbd90-a680-4418-a40a-ac1732762b89','2024-01-19 05:56:47.684529','2024-01-19 05:56:47.684529',NULL,905900,'2023-03-16 14:59:08.000000','323b2d0f-8a5e-4f2a-9212-dc7c3025908a','789b7485-e0ff-40c5-8919-661d0f0bd8da'),('4870b321-9b01-4c1b-8304-6a5fa267ff53','2024-01-19 05:56:48.375297','2024-01-19 05:56:48.375297',NULL,545100,'2023-12-30 14:59:08.000000','323b2d0f-8a5e-4f2a-9212-dc7c3025908a','789b7485-e0ff-40c5-8919-661d0f0bd8da'),('48b596b4-f701-41fc-9b82-98662b78cde2','2024-01-19 05:56:48.087463','2024-01-19 05:56:48.087463',NULL,507900,'2023-09-03 14:59:08.000000','4b4b0e07-95a9-4f7f-9d18-3ea87f6fdffc','267d0560-45db-4ca1-9e9d-96eae1c483e7'),('48c11506-c46d-4bf5-9bb9-0b7630f95d1a','2024-01-19 05:56:48.106116','2024-01-19 05:56:48.106116',NULL,3951000,'2023-09-17 14:59:08.000000','d97afe64-a2ca-41f8-8c2a-745489adb40e','267d0560-45db-4ca1-9e9d-96eae1c483e7'),('48f7c821-96e8-4a2a-8452-3c0876756daf','2024-01-19 05:56:47.800293','2024-01-19 05:56:47.800293',NULL,1210600,'2023-05-14 14:59:08.000000','a0bc9191-7b0c-4e50-b715-c35ecb7c9cf8','267d0560-45db-4ca1-9e9d-96eae1c483e7'),('492eacff-85aa-484b-8b4b-1a8e312c2a23','2024-01-19 05:56:47.913191','2024-01-19 05:56:47.913191',NULL,2053400,'2023-06-16 14:59:08.000000','556fd29b-28bf-49c4-8c6e-65f28118f6be','267d0560-45db-4ca1-9e9d-96eae1c483e7'),('493d662d-dc86-4d15-ac22-d7a123e26df4','2024-01-19 05:56:47.834329','2024-01-19 05:56:47.834329',NULL,359300,'2023-05-23 14:59:08.000000','9af49e8d-dda1-4639-afd2-4c6d1e45e415','789b7485-e0ff-40c5-8919-661d0f0bd8da'),('4969485d-2e9b-4eea-b3b2-02d67f0c87ff','2024-01-19 05:56:48.318549','2024-01-19 05:56:48.318549',NULL,2528900,'2023-12-10 14:59:08.000000','fa9d2517-21cb-4b41-aa79-83b653a7c89b','267d0560-45db-4ca1-9e9d-96eae1c483e7'),('4988689a-90ed-46ae-a8f6-dc8c19ba78da','2024-01-19 05:56:47.736047','2024-01-19 05:56:47.736047',NULL,1188700,'2023-04-11 14:59:08.000000','163c5d26-ffca-4e9f-854d-e1f37ba0361a','267d0560-45db-4ca1-9e9d-96eae1c483e7'),('499d708b-6363-4025-9e19-1a91e7eb8cd9','2024-01-19 05:56:47.613587','2024-01-19 05:56:47.613587',NULL,1666400,'2023-02-09 14:59:08.000000','6d2f1a4e-a47a-4e0c-8f57-bbc3af2fd5b6','789b7485-e0ff-40c5-8919-661d0f0bd8da'),('49a0ba5a-90d0-4221-b286-eb2c6ac1d366','2024-01-19 05:56:47.804766','2024-01-19 05:56:47.804766',NULL,763900,'2023-05-17 14:59:08.000000','4b6bf3e2-fdfd-4695-b2de-5abfa681aef6','267d0560-45db-4ca1-9e9d-96eae1c483e7'),('49a120eb-6999-4f6a-8d6e-55061ed35e28','2024-01-19 05:56:47.584919','2024-01-19 05:56:47.584919',NULL,190800,'2023-02-01 14:59:08.000000','2b67dbf0-ed3a-4442-8fb8-6930676f85e4','789b7485-e0ff-40c5-8919-661d0f0bd8da'),('49aebe0a-b0e6-4f56-837e-4cd308cb6270','2024-01-19 05:56:48.309930','2024-01-19 05:56:48.309930',NULL,534400,'2023-12-02 14:59:08.000000','4a6b7467-d821-4578-8886-a655e8295e26','267d0560-45db-4ca1-9e9d-96eae1c483e7'),('49c46e10-b826-4f47-b0d1-e2fa346fc2af','2024-01-19 05:56:47.561080','2024-01-19 05:56:47.561080',NULL,629900,'2023-01-21 14:59:08.000000','b2cf622e-eb4f-48f3-bb7c-cfd38353e5a0','267d0560-45db-4ca1-9e9d-96eae1c483e7'),('49ef0619-59f1-436e-a76f-b3f000d80e0c','2024-01-19 05:56:47.585915','2024-01-19 05:56:47.585915',NULL,179300,'2023-02-01 14:59:08.000000','0e694c04-8250-404f-8b32-769702c52e69','789b7485-e0ff-40c5-8919-661d0f0bd8da'),('49eff5c4-008b-4864-961c-217c86ca2c2a','2024-01-19 05:56:47.567630','2024-01-19 05:56:47.567630',NULL,1719700,'2023-01-23 14:59:08.000000','10382b21-307d-4391-8cf5-3d7ab4444d19','789b7485-e0ff-40c5-8919-661d0f0bd8da'),('4a5a62e1-d09b-4bc6-b56f-93d7760c2302','2024-01-19 05:56:47.971433','2024-01-19 05:56:47.971433',NULL,1493800,'2023-07-03 14:59:08.000000','56970467-43f1-46f7-9d4d-2fa8527972ec','267d0560-45db-4ca1-9e9d-96eae1c483e7'),('4a7896e3-88f1-42a4-931d-20657130e8ee','2024-01-19 05:56:47.696723','2024-01-19 05:56:47.696723',NULL,2622400,'2023-03-20 14:59:08.000000','ea078faa-bd78-4fd6-a4b3-4ee9e3ade8d2','789b7485-e0ff-40c5-8919-661d0f0bd8da'),('4abb74a3-2629-42b0-a6fe-2b83f263ba5d','2024-01-19 05:56:48.281355','2024-01-19 05:56:48.281355',NULL,3051400,'2023-11-19 14:59:08.000000','c64301b0-1a1f-4c49-8a56-01b331724fae','789b7485-e0ff-40c5-8919-661d0f0bd8da'),('4b16d297-12d2-4151-b28c-f474f60824c8','2024-01-19 05:56:47.864025','2024-01-19 05:56:47.864025',NULL,2948500,'2023-05-28 14:59:08.000000','dcf6c92f-caeb-4fe8-94be-283032cf2213','789b7485-e0ff-40c5-8919-661d0f0bd8da'),('4b68cc8c-bc0f-407c-9f28-645d2dede6da','2024-01-19 05:56:47.766031','2024-01-19 05:56:47.766031',NULL,2885300,'2023-04-30 14:59:08.000000','556fd29b-28bf-49c4-8c6e-65f28118f6be','267d0560-45db-4ca1-9e9d-96eae1c483e7'),('4bb0dc20-0bc6-421e-b671-67d66527bce1','2024-01-19 05:56:47.751224','2024-01-19 05:56:47.751224',NULL,3227400,'2023-04-18 14:59:08.000000','4b4b0e07-95a9-4f7f-9d18-3ea87f6fdffc','267d0560-45db-4ca1-9e9d-96eae1c483e7'),('4bd318a8-6af6-41f8-9865-7d605b065802','2024-01-19 05:56:47.790428','2024-01-19 05:56:47.790428',NULL,3347700,'2023-05-10 14:59:08.000000','7bbbe3be-8354-44c4-bd7f-740d11b75262','789b7485-e0ff-40c5-8919-661d0f0bd8da'),('4be07771-3b01-4ab3-be1c-8e70d1aba196','2024-01-19 05:56:48.079922','2024-01-19 05:56:48.079922',NULL,596500,'2023-08-29 14:59:08.000000','556fd29b-28bf-49c4-8c6e-65f28118f6be','267d0560-45db-4ca1-9e9d-96eae1c483e7'),('4be0d301-b575-4c13-933b-f19f4a3b4657','2024-01-19 05:56:47.632943','2024-01-19 05:56:47.632943',NULL,402600,'2023-02-19 14:59:08.000000','56970467-43f1-46f7-9d4d-2fa8527972ec','789b7485-e0ff-40c5-8919-661d0f0bd8da'),('4bf0a836-21d2-428b-88dc-90ad0ba8afdb','2024-01-19 05:56:47.549170','2024-01-19 05:56:47.549170',NULL,2285600,'2023-01-14 14:59:08.000000','d683c509-bda4-4997-877e-6e099df05542','789b7485-e0ff-40c5-8919-661d0f0bd8da'),('4bfb1f19-5289-4694-8971-245320694ec1','2024-01-19 05:56:48.144699','2024-01-19 05:56:48.144699',NULL,619800,'2023-10-01 14:59:08.000000','e67afd04-10dc-4637-91cc-10e293a98bf7','789b7485-e0ff-40c5-8919-661d0f0bd8da'),('4c60989d-f0bd-4b92-a971-07eb87baa2c9','2024-01-19 05:56:47.862536','2024-01-19 05:56:47.862536',NULL,2933400,'2023-05-28 14:59:08.000000','b0397be6-bdd2-40f7-9736-a1abc98554d1','267d0560-45db-4ca1-9e9d-96eae1c483e7'),('4c661292-f83b-416c-aea3-68e2dae8a6a5','2024-01-19 05:56:47.782718','2024-01-19 05:56:47.782718',NULL,500300,'2023-05-07 14:59:08.000000','7c315450-d2a9-4194-919f-d5db8aef6d73','267d0560-45db-4ca1-9e9d-96eae1c483e7'),('4cb14580-af9e-4c1b-8d0f-97e9c97606cb','2024-01-19 05:56:48.151707','2024-01-19 05:56:48.151707',NULL,4097400,'2023-10-07 14:59:08.000000','15e2a7e1-3fce-424a-9c93-715826187716','789b7485-e0ff-40c5-8919-661d0f0bd8da'),('4d2e39f9-6638-48b1-9891-e33f1ac0c679','2024-01-19 05:56:48.341955','2024-01-19 05:56:48.341955',NULL,4634700,'2023-12-21 14:59:08.000000','64c3ca5a-54d4-4a3e-9db2-07205e0dd7a3','789b7485-e0ff-40c5-8919-661d0f0bd8da'),('4d49d012-f607-46a6-908f-44ab9033730a','2024-01-19 05:56:47.999554','2024-01-19 05:56:47.999554',NULL,394400,'2023-07-20 14:59:08.000000','15e2a7e1-3fce-424a-9c93-715826187716','267d0560-45db-4ca1-9e9d-96eae1c483e7'),('4d68c1a1-850d-4748-87e1-f803c03e862e','2024-01-19 05:56:48.259015','2024-01-19 05:56:48.259015',NULL,3084700,'2023-11-07 14:59:08.000000','0e694c04-8250-404f-8b32-769702c52e69','789b7485-e0ff-40c5-8919-661d0f0bd8da'),('4d7d05e8-2013-4995-8f08-031a6ff93b81','2024-01-19 05:56:48.120965','2024-01-19 05:56:48.120965',NULL,2651100,'2023-09-22 14:59:08.000000','94b5dd2d-8af2-48de-8fd5-e81d79c2a0de','267d0560-45db-4ca1-9e9d-96eae1c483e7'),('4dc43b6b-5d67-478d-b89d-ba0a8d488386','2024-01-19 05:56:47.833275','2024-01-19 05:56:47.833275',NULL,3451900,'2023-05-23 14:59:08.000000','556fd29b-28bf-49c4-8c6e-65f28118f6be','267d0560-45db-4ca1-9e9d-96eae1c483e7'),('4e4a04e8-9d8c-44d1-a3f5-d29851e6f3bc','2024-01-19 05:56:47.640215','2024-01-19 05:56:47.640215',NULL,2367600,'2023-02-24 14:59:08.000000','dcf6c92f-caeb-4fe8-94be-283032cf2213','789b7485-e0ff-40c5-8919-661d0f0bd8da'),('4ec858f2-1b67-4321-8d7e-7be2bb84d87e','2024-01-19 05:56:48.354906','2024-01-19 05:56:48.354906',NULL,4436200,'2023-12-25 14:59:08.000000','20a920bf-dbc7-4c2b-84c8-d5e828395364','789b7485-e0ff-40c5-8919-661d0f0bd8da'),('4eed063d-0cb3-4b6e-98b3-dfc07dd77ec9','2024-01-19 05:56:47.731999','2024-01-19 05:56:47.731999',NULL,4061200,'2023-04-10 14:59:08.000000','55151100-282e-4a75-8f99-53b5af7968d9','789b7485-e0ff-40c5-8919-661d0f0bd8da'),('4f1cb62c-b776-405e-a419-7bef0670bb6c','2024-01-19 05:56:47.994927','2024-01-19 05:56:47.994927',NULL,2023200,'2023-07-15 14:59:08.000000','d77ee9cb-3588-40e7-9c81-8015f463be43','267d0560-45db-4ca1-9e9d-96eae1c483e7'),('4fe469a2-ea4b-4488-a7c7-af63e343903f','2024-01-19 05:56:48.316782','2024-01-19 05:56:48.316782',NULL,4479400,'2023-12-08 14:59:08.000000','ff85e6bd-1815-4628-aa37-c3943c810d25','267d0560-45db-4ca1-9e9d-96eae1c483e7'),('503a442a-15ea-4e0c-999f-08d146ed8195','2024-01-19 05:56:47.889309','2024-01-19 05:56:47.889309',NULL,4055900,'2023-06-06 14:59:08.000000','6a8f52d0-03b8-47f6-bbb7-1cfef8eb48cc','789b7485-e0ff-40c5-8919-661d0f0bd8da'),('50776fd9-fc6c-4850-a48c-df1f0f2faf52','2024-01-19 05:56:47.749091','2024-01-19 05:56:47.749091',NULL,2028600,'2023-04-17 14:59:08.000000','56970467-43f1-46f7-9d4d-2fa8527972ec','789b7485-e0ff-40c5-8919-661d0f0bd8da'),('5163680a-d2cf-4a02-931c-cb01371d58aa','2024-01-19 05:56:48.186728','2024-01-19 05:56:48.186728',NULL,2879000,'2023-10-21 14:59:08.000000','d304305a-3016-448f-ba0b-44d055567619','789b7485-e0ff-40c5-8919-661d0f0bd8da'),('5200f91a-f53a-4c28-a648-6129cc1fa378','2024-01-19 05:56:47.588311','2024-01-19 05:56:47.588311',NULL,131200,'2023-02-02 14:59:08.000000','26bda858-fc75-4d51-ae0b-f382d802b05a','267d0560-45db-4ca1-9e9d-96eae1c483e7'),('527190e2-729b-4b35-9396-4a900c65ead2','2024-01-19 05:56:48.333517','2024-01-19 05:56:48.333517',NULL,1420400,'2023-12-18 14:59:08.000000','2b67dbf0-ed3a-4442-8fb8-6930676f85e4','267d0560-45db-4ca1-9e9d-96eae1c483e7'),('52a34098-16c6-402e-ba5e-06c0b0d1faec','2024-01-19 05:56:47.876256','2024-01-19 05:56:47.876256',NULL,1309100,'2023-06-01 14:59:08.000000','bef4fdba-90ee-4450-9560-2e25eec0348c','267d0560-45db-4ca1-9e9d-96eae1c483e7'),('5320b4da-f488-4095-968c-3b34949c6d03','2024-01-19 05:56:48.311802','2024-01-19 05:56:48.311802',NULL,3549200,'2023-12-03 14:59:08.000000','ff85e6bd-1815-4628-aa37-c3943c810d25','267d0560-45db-4ca1-9e9d-96eae1c483e7'),('532c9460-626b-4606-a6e9-231301f2eca3','2024-01-19 05:56:47.652619','2024-01-19 05:56:47.652619',NULL,731800,'2023-03-01 14:59:08.000000','7e604845-d74a-4368-a125-c9479ec88222','789b7485-e0ff-40c5-8919-661d0f0bd8da'),('532ef35c-514c-40b8-b0c7-6dd0d04d8502','2024-01-19 05:56:47.723381','2024-01-19 05:56:47.723381',NULL,1714200,'2023-04-07 14:59:08.000000','d97afe64-a2ca-41f8-8c2a-745489adb40e','789b7485-e0ff-40c5-8919-661d0f0bd8da'),('53f27fd0-0dc8-452d-b9ac-8778ee986327','2024-01-19 05:56:48.269023','2024-01-19 05:56:48.269023',NULL,2455300,'2023-11-13 14:59:08.000000','15e2a7e1-3fce-424a-9c93-715826187716','789b7485-e0ff-40c5-8919-661d0f0bd8da'),('5570c740-f8cc-4de6-9398-b5c508a06031','2024-01-19 05:56:48.117129','2024-01-19 05:56:48.117129',NULL,3851700,'2023-09-21 14:59:08.000000','906f787c-c86e-4051-b9d7-a75a7fdc98b2','789b7485-e0ff-40c5-8919-661d0f0bd8da'),('55b05bcb-d934-4339-8fe5-3c9d188ee428','2024-01-19 05:56:48.070322','2024-01-19 05:56:48.070322',NULL,761000,'2023-08-25 14:59:08.000000','7e604845-d74a-4368-a125-c9479ec88222','789b7485-e0ff-40c5-8919-661d0f0bd8da'),('55f99893-b274-4aee-ba51-eb66745ddc88','2024-01-19 05:56:47.546715','2024-01-19 05:56:47.546715',NULL,4285600,'2023-01-13 14:59:08.000000','15e2a7e1-3fce-424a-9c93-715826187716','789b7485-e0ff-40c5-8919-661d0f0bd8da'),('56339fa4-f19e-4469-92ae-437803d08c25','2024-01-19 05:56:47.887112','2024-01-19 05:56:47.887112',NULL,1826300,'2023-06-04 14:59:08.000000','3ca2c403-ce53-4ee4-b3a2-91a2f41826f8','789b7485-e0ff-40c5-8919-661d0f0bd8da'),('56698ef7-3426-4b2c-a916-b832aafd29df','2024-01-19 05:56:48.036161','2024-01-19 05:56:48.036161',NULL,3889300,'2023-08-08 14:59:08.000000','2c17f922-58e5-41c2-b53e-0dc710248d26','267d0560-45db-4ca1-9e9d-96eae1c483e7'),('567c2097-96e1-4d97-a49a-8dfc54d1310f','2024-01-19 05:56:48.009647','2024-01-19 05:56:48.009647',NULL,1407900,'2023-07-28 14:59:08.000000','414a1d1e-53c5-49d1-a043-2f43c9c4d693','789b7485-e0ff-40c5-8919-661d0f0bd8da'),('571d9e49-8868-4e80-84e4-068f29ad207a','2024-01-19 05:56:48.121528','2024-01-19 05:56:48.121528',NULL,3681500,'2023-09-22 14:59:08.000000','83dfe0b1-a623-4465-aaeb-f0d54dba6bc9','267d0560-45db-4ca1-9e9d-96eae1c483e7'),('57652a11-f366-431c-80b7-dc66b77c53bf','2024-01-19 05:56:47.521700','2024-01-19 05:56:47.521700',NULL,4444900,'2023-01-04 14:59:08.000000','bb836b96-0eff-4194-86ac-8b74b649803e','789b7485-e0ff-40c5-8919-661d0f0bd8da'),('57edb36f-ad5c-4a75-af8a-008a55900b31','2024-01-19 05:56:48.002734','2024-01-19 05:56:48.002734',NULL,3452200,'2023-07-22 14:59:08.000000','64c3ca5a-54d4-4a3e-9db2-07205e0dd7a3','267d0560-45db-4ca1-9e9d-96eae1c483e7'),('58780729-b4d8-4fed-831c-1206d01068c9','2024-01-19 05:56:48.001829','2024-01-19 05:56:48.001829',NULL,228600,'2023-07-22 14:59:08.000000','6a8f52d0-03b8-47f6-bbb7-1cfef8eb48cc','789b7485-e0ff-40c5-8919-661d0f0bd8da'),('58817717-6183-4788-9741-9badd538af8a','2024-01-19 05:56:47.989335','2024-01-19 05:56:47.989335',NULL,3943900,'2023-07-13 14:59:08.000000','3ca2c403-ce53-4ee4-b3a2-91a2f41826f8','789b7485-e0ff-40c5-8919-661d0f0bd8da'),('59124b43-da00-4b4a-9462-6238aa909df8','2024-01-19 05:56:47.617613','2024-01-19 05:56:47.617613',NULL,1688300,'2023-02-10 14:59:08.000000','8376c502-887e-4132-9e26-6e1409650ca6','789b7485-e0ff-40c5-8919-661d0f0bd8da'),('5974c5c1-a419-4f06-bae0-f63fe68da518','2024-01-19 05:56:47.974502','2024-01-19 05:56:47.974502',NULL,4282100,'2023-07-05 14:59:08.000000','c64301b0-1a1f-4c49-8a56-01b331724fae','789b7485-e0ff-40c5-8919-661d0f0bd8da'),('599493f9-cb8f-451d-8723-d8aeb5ff972f','2024-01-19 05:56:48.184692','2024-01-19 05:56:48.184692',NULL,4925800,'2023-10-20 14:59:08.000000','709bd6d1-f421-4967-8880-a85ba6553260','267d0560-45db-4ca1-9e9d-96eae1c483e7'),('59f2a882-036e-45ec-8f70-171f697f83d2','2024-01-19 05:56:47.577807','2024-01-19 05:56:47.577807',NULL,2392300,'2023-01-29 14:59:08.000000','c131a2f4-b00c-40b4-a822-ea3b2e7773c9','789b7485-e0ff-40c5-8919-661d0f0bd8da'),('5a328b98-213a-4a4a-8fc1-149d0a20869a','2024-01-19 05:56:48.112204','2024-01-19 05:56:48.112204',NULL,1844800,'2023-09-20 14:59:08.000000','d304305a-3016-448f-ba0b-44d055567619','267d0560-45db-4ca1-9e9d-96eae1c483e7'),('5a4a88cf-404b-42a1-90de-54263fef1712','2024-01-19 05:56:48.090185','2024-01-19 05:56:48.090185',NULL,4457200,'2023-09-05 14:59:08.000000','d304305a-3016-448f-ba0b-44d055567619','789b7485-e0ff-40c5-8919-661d0f0bd8da'),('5ab128ca-fe83-4cad-b9bf-c299f004371a','2024-01-19 05:56:48.264931','2024-01-19 05:56:48.264931',NULL,3417200,'2023-11-11 14:59:08.000000','9af49e8d-dda1-4639-afd2-4c6d1e45e415','267d0560-45db-4ca1-9e9d-96eae1c483e7'),('5ae367db-84c7-40af-b8b2-6a4a8b9c6e95','2024-01-19 05:56:47.656744','2024-01-19 05:56:47.656744',NULL,2774300,'2023-03-03 14:59:08.000000','6b9e1d80-63b9-4810-b249-ea1549704832','267d0560-45db-4ca1-9e9d-96eae1c483e7'),('5b674119-6c5d-4746-8dca-e8eaf4bc52fb','2024-01-19 05:56:47.973945','2024-01-19 05:56:47.973945',NULL,1902900,'2023-07-05 14:59:08.000000','5f377e37-a646-4ec0-b99d-073346912a33','789b7485-e0ff-40c5-8919-661d0f0bd8da'),('5b6a1279-b09b-4372-a015-164768c98955','2024-01-19 05:56:48.020427','2024-01-19 05:56:48.020427',NULL,2314500,'2023-07-31 14:59:08.000000','026cfdf3-d7ee-4b25-84ab-e1bcd185de52','789b7485-e0ff-40c5-8919-661d0f0bd8da'),('5bd625da-699f-41df-bf0d-f0fff191f363','2024-01-19 05:56:48.193492','2024-01-19 05:56:48.193492',NULL,3421500,'2023-10-24 14:59:08.000000','2e5b3100-95ab-46e0-af39-fe0228f404c7','789b7485-e0ff-40c5-8919-661d0f0bd8da'),('5c3ca868-ff40-42c1-b999-fb788c8bed14','2024-01-19 05:56:48.330380','2024-01-19 05:56:48.330380',NULL,960000,'2023-12-14 14:59:08.000000','d77ee9cb-3588-40e7-9c81-8015f463be43','267d0560-45db-4ca1-9e9d-96eae1c483e7'),('5cfd82a3-d3a8-4f9e-a032-23b1b7e092f4','2024-01-19 05:56:47.721921','2024-01-19 05:56:47.721921',NULL,1652500,'2023-04-06 14:59:08.000000','2b67dbf0-ed3a-4442-8fb8-6930676f85e4','267d0560-45db-4ca1-9e9d-96eae1c483e7'),('5dffe4ae-7a2f-4887-814c-84428e5977d5','2024-01-19 05:56:47.557504','2024-01-19 05:56:47.557504',NULL,734200,'2023-01-19 14:59:08.000000','9e59050a-96a0-47a7-80fe-70bf17beeb0b','267d0560-45db-4ca1-9e9d-96eae1c483e7'),('5e49d608-682f-45bc-acf3-632acb947807','2024-01-19 05:56:47.566674','2024-01-19 05:56:47.566674',NULL,181000,'2023-01-23 14:59:08.000000','d07d3741-846a-44dc-ae3c-8bdb828e7e3e','789b7485-e0ff-40c5-8919-661d0f0bd8da'),('5e69fd48-1ff8-4097-904a-eefc64996c46','2024-01-19 05:56:47.891014','2024-01-19 05:56:47.891014',NULL,1529700,'2023-06-07 14:59:08.000000','0875b44f-28fa-4322-bb51-b7043108b638','267d0560-45db-4ca1-9e9d-96eae1c483e7'),('5e9e60df-79e3-4162-b767-f23db2b4d8dc','2024-01-19 05:56:48.289492','2024-01-19 05:56:48.289492',NULL,319100,'2023-11-24 14:59:08.000000','6d2f1a4e-a47a-4e0c-8f57-bbc3af2fd5b6','789b7485-e0ff-40c5-8919-661d0f0bd8da'),('5ed76a26-6b04-46dc-8e8d-062dd11846df','2024-01-19 05:56:47.575336','2024-01-19 05:56:47.575336',NULL,2053500,'2023-01-27 14:59:08.000000','7e604845-d74a-4368-a125-c9479ec88222','789b7485-e0ff-40c5-8919-661d0f0bd8da'),('5f3b3d9c-96d0-4a2b-a813-12cb255ce59b','2024-01-19 05:56:47.909516','2024-01-19 05:56:47.909516',NULL,2765900,'2023-06-15 14:59:08.000000','06928d73-5ab2-41e6-ac65-97bc25032c90','267d0560-45db-4ca1-9e9d-96eae1c483e7'),('5fa1a0be-b8bf-43ba-b011-f5425f61a384','2024-01-19 05:56:47.611197','2024-01-19 05:56:47.611197',NULL,2878700,'2023-02-09 14:59:08.000000','4a6b7467-d821-4578-8886-a655e8295e26','267d0560-45db-4ca1-9e9d-96eae1c483e7'),('5ff28b6a-11ab-4c5a-adcf-295b6fa55585','2024-01-19 05:56:48.034917','2024-01-19 05:56:48.034917',NULL,4347600,'2023-08-07 14:59:08.000000','bef4fdba-90ee-4450-9560-2e25eec0348c','267d0560-45db-4ca1-9e9d-96eae1c483e7'),('604d1ddd-ebc2-4dde-9f7e-7b1572d5ef9f','2024-01-19 05:56:47.887636','2024-01-19 05:56:47.887636',NULL,2257200,'2023-06-05 14:59:08.000000','9e59050a-96a0-47a7-80fe-70bf17beeb0b','789b7485-e0ff-40c5-8919-661d0f0bd8da'),('6053e688-439d-4037-bf43-3862719d3282','2024-01-19 05:56:48.365468','2024-01-19 05:56:48.365468',NULL,3550400,'2023-12-28 14:59:08.000000','51b2e151-da5e-4743-800e-723fec04076e','267d0560-45db-4ca1-9e9d-96eae1c483e7'),('605cda89-594f-4ac9-9dca-6b897a96a20a','2024-01-19 05:56:47.649389','2024-01-19 05:56:47.649389',NULL,1510000,'2023-02-28 14:59:08.000000','709bd6d1-f421-4967-8880-a85ba6553260','267d0560-45db-4ca1-9e9d-96eae1c483e7'),('60e04bbd-8ce0-47bf-8494-13b829e2364d','2024-01-19 05:56:48.294527','2024-01-19 05:56:48.294527',NULL,2124500,'2023-11-26 14:59:08.000000','20a920bf-dbc7-4c2b-84c8-d5e828395364','267d0560-45db-4ca1-9e9d-96eae1c483e7'),('60e1dd2f-5277-45b2-bc49-6bf9d1780a80','2024-01-19 05:56:48.187413','2024-01-19 05:56:48.187413',NULL,305800,'2023-10-22 14:59:08.000000','556fd29b-28bf-49c4-8c6e-65f28118f6be','267d0560-45db-4ca1-9e9d-96eae1c483e7'),('6108c388-4811-4e7a-a586-f55511a63cb9','2024-01-19 05:56:47.683746','2024-01-19 05:56:47.683746',NULL,659500,'2023-03-16 14:59:08.000000','c831abe4-94ed-4137-bf18-6c297c2a93f6','789b7485-e0ff-40c5-8919-661d0f0bd8da'),('61169666-6f0e-4d1d-9559-cfa135162781','2024-01-19 05:56:47.938254','2024-01-19 05:56:47.938254',NULL,4609300,'2023-06-27 14:59:08.000000','c68f0628-ace5-425f-8363-b12d33313b7a','267d0560-45db-4ca1-9e9d-96eae1c483e7'),('611bc8d0-48e9-434b-98b4-317fb907bdef','2024-01-19 05:56:47.677690','2024-01-19 05:56:47.677690',NULL,4130100,'2023-03-10 14:59:08.000000','c64301b0-1a1f-4c49-8a56-01b331724fae','789b7485-e0ff-40c5-8919-661d0f0bd8da'),('616b0db8-6994-4c5b-b21e-fcd06d262d33','2024-01-19 05:56:47.726033','2024-01-19 05:56:47.726033',NULL,1733900,'2023-04-09 14:59:08.000000','c7574005-744d-43a6-9ceb-b4230f603441','267d0560-45db-4ca1-9e9d-96eae1c483e7'),('61b6873b-1d7b-4013-9d3b-5d2a71e1fa30','2024-01-19 05:56:48.380787','2024-01-19 05:56:48.380787',NULL,633900,'2024-01-01 14:59:08.000000','1cfeb074-9808-42b5-b417-9758c056e8e2','789b7485-e0ff-40c5-8919-661d0f0bd8da'),('620a1d88-a056-42eb-804d-e71273b455b3','2024-01-19 05:56:47.746916','2024-01-19 05:56:47.746916',NULL,1200300,'2023-04-17 14:59:08.000000','20a920bf-dbc7-4c2b-84c8-d5e828395364','789b7485-e0ff-40c5-8919-661d0f0bd8da'),('624497b0-06e6-4425-90cf-7dc184bf29e6','2024-01-19 05:56:47.714922','2024-01-19 05:56:47.714922',NULL,550500,'2023-04-01 14:59:08.000000','6dcd496f-4902-40c2-a665-b7a204232403','789b7485-e0ff-40c5-8919-661d0f0bd8da'),('625c80ff-6175-4d7e-b534-75a9f5563297','2024-01-19 05:56:47.785009','2024-01-19 05:56:47.785009',NULL,232600,'2023-05-07 14:59:08.000000','d77ee9cb-3588-40e7-9c81-8015f463be43','789b7485-e0ff-40c5-8919-661d0f0bd8da'),('634a88b3-c4e8-4b14-b244-846c10b11cf3','2024-01-19 05:56:47.749826','2024-01-19 05:56:47.749826',NULL,2194700,'2023-04-17 14:59:08.000000','ff85e6bd-1815-4628-aa37-c3943c810d25','267d0560-45db-4ca1-9e9d-96eae1c483e7'),('63b48a8d-af85-465f-a291-4c941fabb8c2','2024-01-19 05:56:48.256352','2024-01-19 05:56:48.256352',NULL,1981600,'2023-11-06 14:59:08.000000','8d4d07bf-e484-40c2-a470-01ac4f118ecd','267d0560-45db-4ca1-9e9d-96eae1c483e7'),('63d64439-042a-48a2-89f9-515f6a8bd44e','2024-01-19 05:56:47.985377','2024-01-19 05:56:47.985377',NULL,2646500,'2023-07-11 14:59:08.000000','3a47f4bd-8271-41ec-8202-20a55565c4b3','267d0560-45db-4ca1-9e9d-96eae1c483e7'),('6406b7f6-5c3e-40e7-b55b-56d2281e0d74','2024-01-19 05:56:47.829806','2024-01-19 05:56:47.829806',NULL,2030900,'2023-05-22 14:59:08.000000','d77ee9cb-3588-40e7-9c81-8015f463be43','789b7485-e0ff-40c5-8919-661d0f0bd8da'),('641a491e-3f27-4d0b-9875-f6ca7402b61d','2024-01-19 05:56:47.542429','2024-01-19 05:56:47.542429',NULL,2956600,'2023-01-11 14:59:08.000000','323b2d0f-8a5e-4f2a-9212-dc7c3025908a','267d0560-45db-4ca1-9e9d-96eae1c483e7'),('641e0e7f-482e-4ad7-848a-76e9f0f2bc5c','2024-01-19 05:56:48.179660','2024-01-19 05:56:48.179660',NULL,1735400,'2023-10-20 14:59:08.000000','3a47f4bd-8271-41ec-8202-20a55565c4b3','267d0560-45db-4ca1-9e9d-96eae1c483e7'),('6441540f-77c6-417d-beb4-cfd75c45ea26','2024-01-19 05:56:47.526171','2024-01-19 05:56:47.526171',NULL,759700,'2023-01-06 14:59:08.000000','c64301b0-1a1f-4c49-8a56-01b331724fae','267d0560-45db-4ca1-9e9d-96eae1c483e7'),('647af195-3111-4e4c-8838-9c44e6fc7317','2024-01-19 05:56:48.239184','2024-01-19 05:56:48.239184',NULL,601700,'2023-10-30 14:59:08.000000','d97afe64-a2ca-41f8-8c2a-745489adb40e','789b7485-e0ff-40c5-8919-661d0f0bd8da'),('64e4bf9c-6a4b-4298-a332-be889b8d3847','2024-01-19 05:56:48.114095','2024-01-19 05:56:48.114095',NULL,2605400,'2023-09-20 14:59:08.000000','32319448-fcf0-48db-bb35-6e9a6714be01','267d0560-45db-4ca1-9e9d-96eae1c483e7'),('652913bc-5c6c-4db4-9970-606f40c9d037','2024-01-19 05:56:47.841433','2024-01-19 05:56:47.841433',NULL,1417800,'2023-05-24 14:59:08.000000','ac305234-15db-4320-a504-cd2997399b73','267d0560-45db-4ca1-9e9d-96eae1c483e7'),('654188cc-87fe-4061-8248-bf6ebe0bcc37','2024-01-19 05:56:48.232275','2024-01-19 05:56:48.232275',NULL,2496200,'2023-10-29 14:59:08.000000','b0397be6-bdd2-40f7-9736-a1abc98554d1','789b7485-e0ff-40c5-8919-661d0f0bd8da'),('654d5267-1862-4c02-8495-6731971e8a88','2024-01-19 05:56:47.528634','2024-01-19 05:56:47.528634',NULL,947800,'2023-01-07 14:59:08.000000','a0bc9191-7b0c-4e50-b715-c35ecb7c9cf8','789b7485-e0ff-40c5-8919-661d0f0bd8da'),('65bf0d51-ab40-419f-a235-ec82665bf59b','2024-01-19 05:56:48.163826','2024-01-19 05:56:48.163826',NULL,1292600,'2023-10-12 14:59:08.000000','5e6477ec-b69b-48f8-90a1-f857069ee4f6','789b7485-e0ff-40c5-8919-661d0f0bd8da'),('65f80c5a-9655-4649-b528-69a4d8db9ffa','2024-01-19 05:56:47.878088','2024-01-19 05:56:47.878088',NULL,1205700,'2023-06-02 14:59:08.000000','94b5dd2d-8af2-48de-8fd5-e81d79c2a0de','789b7485-e0ff-40c5-8919-661d0f0bd8da'),('66469e5e-a730-46cd-ab43-11d21ec6d8f5','2024-01-19 05:56:47.539715','2024-01-19 05:56:47.539715',NULL,2988800,'2023-01-11 14:59:08.000000','2c17f922-58e5-41c2-b53e-0dc710248d26','267d0560-45db-4ca1-9e9d-96eae1c483e7'),('66581959-a77a-47f7-8f27-bf36094dabdc','2024-01-19 05:56:48.255435','2024-01-19 05:56:48.255435',NULL,1229100,'2023-11-05 14:59:08.000000','d304305a-3016-448f-ba0b-44d055567619','267d0560-45db-4ca1-9e9d-96eae1c483e7'),('66658ddc-b502-4e31-a9cd-89d230a686d9','2024-01-19 05:56:48.027443','2024-01-19 05:56:48.027443',NULL,1629400,'2023-08-05 14:59:08.000000','2c17f922-58e5-41c2-b53e-0dc710248d26','789b7485-e0ff-40c5-8919-661d0f0bd8da'),('66739b60-691a-4359-9b73-9f7263d89309','2024-01-19 05:56:48.072573','2024-01-19 05:56:48.072573',NULL,2919800,'2023-08-26 14:59:08.000000','9af49e8d-dda1-4639-afd2-4c6d1e45e415','267d0560-45db-4ca1-9e9d-96eae1c483e7'),('66adb46b-32bd-4150-af12-7d0594ec7769','2024-01-19 05:56:47.559610','2024-01-19 05:56:47.559610',NULL,558700,'2023-01-20 14:59:08.000000','ac305234-15db-4320-a504-cd2997399b73','267d0560-45db-4ca1-9e9d-96eae1c483e7'),('66f38eda-9732-46a2-bcca-5f8635526f6e','2024-01-19 05:56:48.276657','2024-01-19 05:56:48.276657',NULL,360800,'2023-11-16 14:59:08.000000','880ccb67-8061-4756-bbb8-bf4033660133','267d0560-45db-4ca1-9e9d-96eae1c483e7'),('66fa2663-a8d4-4a1b-a527-d511fe2a1f90','2024-01-19 05:56:47.754156','2024-01-19 05:56:47.754156',NULL,109200,'2023-04-21 14:59:08.000000','2b67dbf0-ed3a-4442-8fb8-6930676f85e4','789b7485-e0ff-40c5-8919-661d0f0bd8da'),('67b5e47c-1aa6-4416-b060-da8619d9ee82','2024-01-19 05:56:48.074493','2024-01-19 05:56:48.074493',NULL,3027400,'2023-08-26 14:59:08.000000','ecc8058e-2ab8-405b-9f1c-ca777e8852fa','267d0560-45db-4ca1-9e9d-96eae1c483e7'),('680a5312-027d-4149-a777-5e1f5be93d57','2024-01-19 05:56:47.975048','2024-01-19 05:56:47.975048',NULL,4362800,'2023-07-05 14:59:08.000000','8376c502-887e-4132-9e26-6e1409650ca6','789b7485-e0ff-40c5-8919-661d0f0bd8da'),('68232320-78c9-44a2-b5b1-e7da42b5dbd0','2024-01-19 05:56:47.933912','2024-01-19 05:56:47.933912',NULL,1231900,'2023-06-26 14:59:08.000000','a0bc9191-7b0c-4e50-b715-c35ecb7c9cf8','789b7485-e0ff-40c5-8919-661d0f0bd8da'),('6877b024-87d8-4970-872f-7e49349023bf','2024-01-19 05:56:48.071500','2024-01-19 05:56:48.071500',NULL,1057600,'2023-08-26 14:59:08.000000','36f069f8-6737-4c58-b967-720e2c324708','267d0560-45db-4ca1-9e9d-96eae1c483e7'),('68842873-761d-4885-bfdc-37225e8628c3','2024-01-19 05:56:47.552054','2024-01-19 05:56:47.552054',NULL,3192500,'2023-01-16 14:59:08.000000','e46f171b-b50e-47ba-9f15-575149d62772','789b7485-e0ff-40c5-8919-661d0f0bd8da'),('68d63772-0784-422e-ad77-f200e46a6526','2024-01-19 05:56:47.533914','2024-01-19 05:56:47.533914',NULL,2514100,'2023-01-09 14:59:08.000000','2210e1c2-519c-48e2-af1a-49531cdf7585','267d0560-45db-4ca1-9e9d-96eae1c483e7'),('690dceb1-0120-465d-b755-bc5f288598a9','2024-01-19 05:56:47.967798','2024-01-19 05:56:47.967798',NULL,3447400,'2023-07-02 14:59:08.000000','93484aab-f150-4119-ae5a-8d6fbe378da0','789b7485-e0ff-40c5-8919-661d0f0bd8da'),('69232126-f1e8-4612-ae9a-8241e35caffb','2024-01-19 05:56:47.615408','2024-01-19 05:56:47.615408',NULL,3850600,'2023-02-10 14:59:08.000000','414a1d1e-53c5-49d1-a043-2f43c9c4d693','267d0560-45db-4ca1-9e9d-96eae1c483e7'),('694c8e7b-01c1-4350-91fc-01138a052402','2024-01-19 05:56:48.274010','2024-01-19 05:56:48.274010',NULL,1916500,'2023-11-15 14:59:08.000000','7bb44c13-f988-4c61-a8ef-307551405e72','789b7485-e0ff-40c5-8919-661d0f0bd8da'),('698be19e-fa33-480d-9269-3e9a3910801d','2024-01-19 05:56:48.042203','2024-01-19 05:56:48.042203',NULL,2900300,'2023-08-12 14:59:08.000000','ea078faa-bd78-4fd6-a4b3-4ee9e3ade8d2','789b7485-e0ff-40c5-8919-661d0f0bd8da'),('69fcf91a-4d35-47b3-bb6e-54574cda9822','2024-01-19 05:56:48.346635','2024-01-19 05:56:48.346635',NULL,1992800,'2023-12-22 14:59:08.000000','3384a0f8-300a-43b1-85f9-1962fb11fc58','267d0560-45db-4ca1-9e9d-96eae1c483e7'),('6a0f3afa-7e67-4aa5-b31a-cf49bc26429f','2024-01-19 05:56:48.077297','2024-01-19 05:56:48.077297',NULL,4461500,'2023-08-27 14:59:08.000000','94b5dd2d-8af2-48de-8fd5-e81d79c2a0de','789b7485-e0ff-40c5-8919-661d0f0bd8da'),('6a84c5b0-72b5-46e4-a3bb-f87460987cae','2024-01-19 05:56:48.253578','2024-01-19 05:56:48.253578',NULL,986800,'2023-11-03 14:59:08.000000','e67afd04-10dc-4637-91cc-10e293a98bf7','789b7485-e0ff-40c5-8919-661d0f0bd8da'),('6a940c8b-2e26-4296-a76f-9b3cc321e650','2024-01-19 05:56:47.679411','2024-01-19 05:56:47.679411',NULL,839800,'2023-03-11 14:59:08.000000','e5a432a5-96ad-4efd-8391-7cbdae2aa356','789b7485-e0ff-40c5-8919-661d0f0bd8da'),('6af3a94b-bfa7-4342-b44d-f85ac7719309','2024-01-19 05:56:47.892872','2024-01-19 05:56:47.892872',NULL,1827200,'2023-06-08 14:59:08.000000','a531b94d-d879-4139-a506-d682bdaf4506','789b7485-e0ff-40c5-8919-661d0f0bd8da'),('6b236fa7-3558-499e-8ea1-4d95f464c12d','2024-01-19 05:56:47.787181','2024-01-19 05:56:47.787181',NULL,600000,'2023-05-09 14:59:08.000000','414a1d1e-53c5-49d1-a043-2f43c9c4d693','267d0560-45db-4ca1-9e9d-96eae1c483e7'),('6b31e326-15b5-4f09-8ec9-4fa079271836','2024-01-19 05:56:47.755611','2024-01-19 05:56:47.755611',NULL,2297800,'2023-04-22 14:59:08.000000','6dcd496f-4902-40c2-a665-b7a204232403','789b7485-e0ff-40c5-8919-661d0f0bd8da'),('6b7dbb31-01b4-430e-a95d-a3f400120878','2024-01-19 05:56:48.322933','2024-01-19 05:56:48.322933',NULL,2762600,'2023-12-12 14:59:08.000000','906f787c-c86e-4051-b9d7-a75a7fdc98b2','789b7485-e0ff-40c5-8919-661d0f0bd8da'),('6bc6044b-23b2-4f25-9364-b6d195832656','2024-01-19 05:56:47.962844','2024-01-19 05:56:47.962844',NULL,166500,'2023-06-29 14:59:08.000000','c831abe4-94ed-4137-bf18-6c297c2a93f6','789b7485-e0ff-40c5-8919-661d0f0bd8da'),('6bf60bea-3fc1-4ecf-b30a-20dbb8b39c00','2024-01-19 05:56:47.527962','2024-01-19 05:56:47.527962',NULL,4723600,'2023-01-06 14:59:08.000000','c7574005-744d-43a6-9ceb-b4230f603441','789b7485-e0ff-40c5-8919-661d0f0bd8da'),('6c028573-3644-40ee-a042-ffd60319bec6','2024-01-19 05:56:47.745462','2024-01-19 05:56:47.745462',NULL,2679800,'2023-04-17 14:59:08.000000','c831abe4-94ed-4137-bf18-6c297c2a93f6','789b7485-e0ff-40c5-8919-661d0f0bd8da'),('6c0585fb-113f-465c-b016-1fa8ef53ef38','2024-01-19 05:56:48.168333','2024-01-19 05:56:48.168333',NULL,3187000,'2023-10-15 14:59:08.000000','7030b222-f534-4af4-bc34-eb5d74e9e5eb','789b7485-e0ff-40c5-8919-661d0f0bd8da'),('6c145825-d065-432d-892f-865b726035da','2024-01-19 05:56:47.827561','2024-01-19 05:56:47.827561',NULL,2423500,'2023-05-21 14:59:08.000000','323b2d0f-8a5e-4f2a-9212-dc7c3025908a','789b7485-e0ff-40c5-8919-661d0f0bd8da'),('6c36d641-89f2-41e4-a7c2-fb30348516a0','2024-01-19 05:56:48.021155','2024-01-19 05:56:48.021155',NULL,1759500,'2023-07-31 14:59:08.000000','0e694c04-8250-404f-8b32-769702c52e69','789b7485-e0ff-40c5-8919-661d0f0bd8da'),('6c658c70-7edd-4dd4-bb89-d8967536695a','2024-01-19 05:56:47.783572','2024-01-19 05:56:47.783572',NULL,1304000,'2023-05-07 14:59:08.000000','a8a6e225-26c3-4d20-a6b4-2f7c507c3fad','267d0560-45db-4ca1-9e9d-96eae1c483e7'),('6c8ea196-6f37-42ac-af49-d3fe5f6cc467','2024-01-19 05:56:47.967154','2024-01-19 05:56:47.967154',NULL,3573500,'2023-07-02 14:59:08.000000','0875b44f-28fa-4322-bb51-b7043108b638','789b7485-e0ff-40c5-8919-661d0f0bd8da'),('6ca9e17a-1a88-4039-a142-20ae51062905','2024-01-19 05:56:47.715500','2024-01-19 05:56:47.715500',NULL,2884400,'2023-04-02 14:59:08.000000','2210e1c2-519c-48e2-af1a-49531cdf7585','789b7485-e0ff-40c5-8919-661d0f0bd8da'),('6cbe91ba-a58c-4583-bb1f-434c21749baa','2024-01-19 05:56:47.857425','2024-01-19 05:56:47.857425',NULL,2876300,'2023-05-26 14:59:08.000000','64c3ca5a-54d4-4a3e-9db2-07205e0dd7a3','789b7485-e0ff-40c5-8919-661d0f0bd8da'),('6cdbc18a-eed6-4cd0-9995-f85a35a00af1','2024-01-19 05:56:47.699940','2024-01-19 05:56:47.699940',NULL,927900,'2023-03-23 14:59:08.000000','b0397be6-bdd2-40f7-9736-a1abc98554d1','789b7485-e0ff-40c5-8919-661d0f0bd8da'),('6d21d5cf-e350-4c39-9f44-81a09bda87f4','2024-01-19 05:56:48.068514','2024-01-19 05:56:48.068514',NULL,107000,'2023-08-24 14:59:08.000000','ac305234-15db-4320-a504-cd2997399b73','267d0560-45db-4ca1-9e9d-96eae1c483e7'),('6e5574e3-c776-4981-b1d7-1b0b4839aac7','2024-01-19 05:56:48.305908','2024-01-19 05:56:48.305908',NULL,1620000,'2023-12-01 14:59:08.000000','4a6b7467-d821-4578-8886-a655e8295e26','789b7485-e0ff-40c5-8919-661d0f0bd8da'),('6e574617-ef43-4e23-8524-2f9baea67d91','2024-01-19 05:56:47.899688','2024-01-19 05:56:47.899688',NULL,2776200,'2023-06-12 14:59:08.000000','e67afd04-10dc-4637-91cc-10e293a98bf7','267d0560-45db-4ca1-9e9d-96eae1c483e7'),('6e680155-dc66-43fb-a253-993a5f8d6bd4','2024-01-19 05:56:48.349562','2024-01-19 05:56:48.349562',NULL,4841300,'2023-12-23 14:59:08.000000','2c17f922-58e5-41c2-b53e-0dc710248d26','267d0560-45db-4ca1-9e9d-96eae1c483e7'),('6e6f7717-e023-4ba3-b841-ec986536d9fc','2024-01-19 05:56:47.710219','2024-01-19 05:56:47.710219',NULL,4779800,'2023-03-27 14:59:08.000000','9692a73c-c87d-4f51-b1b9-7d2111084ffe','789b7485-e0ff-40c5-8919-661d0f0bd8da'),('6efaa8a7-933c-4b1f-9d23-395e258fdd88','2024-01-19 05:56:47.927931','2024-01-19 05:56:47.927931',NULL,3717700,'2023-06-24 14:59:08.000000','e5a432a5-96ad-4efd-8391-7cbdae2aa356','267d0560-45db-4ca1-9e9d-96eae1c483e7'),('6f57abc4-52de-4737-b8b4-7dcbaaa1c2df','2024-01-19 05:56:48.152374','2024-01-19 05:56:48.152374',NULL,689200,'2023-10-08 14:59:08.000000','2e5b3100-95ab-46e0-af39-fe0228f404c7','789b7485-e0ff-40c5-8919-661d0f0bd8da'),('6f6325a6-b0ac-497a-8373-67e1ae3acf32','2024-01-19 05:56:47.569152','2024-01-19 05:56:47.569152',NULL,4795100,'2023-01-24 14:59:08.000000','e46f171b-b50e-47ba-9f15-575149d62772','267d0560-45db-4ca1-9e9d-96eae1c483e7'),('6fbe0475-f6fb-436c-b411-4fad68651fb4','2024-01-19 05:56:47.961668','2024-01-19 05:56:47.961668',NULL,3224200,'2023-06-29 14:59:08.000000','c831abe4-94ed-4137-bf18-6c297c2a93f6','789b7485-e0ff-40c5-8919-661d0f0bd8da'),('70757ac4-f2fa-44b6-b1a3-65abe1b05ebc','2024-01-19 05:56:47.704039','2024-01-19 05:56:47.704039',NULL,3100700,'2023-03-24 14:59:08.000000','2c17f922-58e5-41c2-b53e-0dc710248d26','789b7485-e0ff-40c5-8919-661d0f0bd8da'),('713f7bdf-e86d-45a0-8a16-f535b4c5f410','2024-01-19 05:56:48.209790','2024-01-19 05:56:48.209790',NULL,1001300,'2023-10-28 14:59:08.000000','2c17f922-58e5-41c2-b53e-0dc710248d26','267d0560-45db-4ca1-9e9d-96eae1c483e7'),('71680897-b72c-4982-8e2c-28559f29e31b','2024-01-19 05:56:47.885721','2024-01-19 05:56:47.885721',NULL,487600,'2023-06-04 14:59:08.000000','26bda858-fc75-4d51-ae0b-f382d802b05a','267d0560-45db-4ca1-9e9d-96eae1c483e7'),('71b05a62-31fe-48f4-b686-c4e2ff71d1f8','2024-01-19 05:56:48.040681','2024-01-19 05:56:48.040681',NULL,2585300,'2023-08-10 14:59:08.000000','0e45ba47-808f-41a4-9323-65d5b90cfefd','267d0560-45db-4ca1-9e9d-96eae1c483e7'),('71c9dabe-c1a3-45b6-a178-2f09b6937a4c','2024-01-19 05:56:48.135609','2024-01-19 05:56:48.135609',NULL,233600,'2023-09-27 14:59:08.000000','5e6477ec-b69b-48f8-90a1-f857069ee4f6','789b7485-e0ff-40c5-8919-661d0f0bd8da'),('723dbefb-beff-4d7c-8789-6be2bc1d3188','2024-01-19 05:56:48.024992','2024-01-19 05:56:48.024992',NULL,2512700,'2023-08-03 14:59:08.000000','63dc3d8a-0b5a-420e-b1e6-5deb0f7aa478','789b7485-e0ff-40c5-8919-661d0f0bd8da'),('7252b6a0-9bba-44de-9fbf-6f0520ed224c','2024-01-19 05:56:47.939104','2024-01-19 05:56:47.939104',NULL,1337900,'2023-06-27 14:59:08.000000','a531b94d-d879-4139-a506-d682bdaf4506','267d0560-45db-4ca1-9e9d-96eae1c483e7'),('7264134a-0f8d-4d20-a6fa-ff4566f788e9','2024-01-19 05:56:48.137646','2024-01-19 05:56:48.137646',NULL,2849600,'2023-09-28 14:59:08.000000','9692a73c-c87d-4f51-b1b9-7d2111084ffe','789b7485-e0ff-40c5-8919-661d0f0bd8da'),('72bd2501-6ce7-4b83-ad4f-78ee3bea38cb','2024-01-19 05:56:47.995396','2024-01-19 05:56:47.995396',NULL,290000,'2023-07-16 14:59:08.000000','906f787c-c86e-4051-b9d7-a75a7fdc98b2','789b7485-e0ff-40c5-8919-661d0f0bd8da'),('7349828d-921f-4cc1-a34a-628aac13201f','2024-01-19 05:56:47.905506','2024-01-19 05:56:47.905506',NULL,1247500,'2023-06-14 14:59:08.000000','56970467-43f1-46f7-9d4d-2fa8527972ec','267d0560-45db-4ca1-9e9d-96eae1c483e7'),('735a0164-c6f0-43c9-b830-e2820822e267','2024-01-19 05:56:47.597914','2024-01-19 05:56:47.597914',NULL,4529300,'2023-02-04 14:59:08.000000','c131a2f4-b00c-40b4-a822-ea3b2e7773c9','267d0560-45db-4ca1-9e9d-96eae1c483e7'),('736bf38a-9e0d-4a62-9d8b-ee9605a3b26f','2024-01-19 05:56:47.964109','2024-01-19 05:56:47.964109',NULL,4372600,'2023-06-30 14:59:08.000000','6dcd496f-4902-40c2-a665-b7a204232403','267d0560-45db-4ca1-9e9d-96eae1c483e7'),('73a3b238-9162-4899-bd71-4f11e30cfd95','2024-01-19 05:56:47.728436','2024-01-19 05:56:47.728436',NULL,1897300,'2023-04-10 14:59:08.000000','e46f171b-b50e-47ba-9f15-575149d62772','789b7485-e0ff-40c5-8919-661d0f0bd8da'),('745cd8d2-8a6d-4f40-858a-0784903a06d9','2024-01-19 05:56:47.866695','2024-01-19 05:56:47.866695',NULL,3105800,'2023-05-29 14:59:08.000000','0e45ba47-808f-41a4-9323-65d5b90cfefd','789b7485-e0ff-40c5-8919-661d0f0bd8da'),('746be993-a108-4172-a626-d56051c78131','2024-01-19 05:56:48.091549','2024-01-19 05:56:48.091549',NULL,4606100,'2023-09-07 14:59:08.000000','fedaac60-e4d0-4aba-b458-69060ed6cded','789b7485-e0ff-40c5-8919-661d0f0bd8da'),('74f246d1-6225-4c6a-a60e-4f9faca9b923','2024-01-19 05:56:47.540635','2024-01-19 05:56:47.540635',NULL,1748800,'2023-01-11 14:59:08.000000','7bbbe3be-8354-44c4-bd7f-740d11b75262','267d0560-45db-4ca1-9e9d-96eae1c483e7'),('752634b6-6505-4b53-b7dd-27e3283a4f72','2024-01-19 05:56:47.654117','2024-01-19 05:56:47.654117',NULL,1974000,'2023-03-01 14:59:08.000000','ea078faa-bd78-4fd6-a4b3-4ee9e3ade8d2','267d0560-45db-4ca1-9e9d-96eae1c483e7'),('75a0f19c-1738-4d30-8b04-6f4cf985e05d','2024-01-19 05:56:48.382641','2024-01-19 05:56:48.382641',NULL,455100,'2024-01-02 14:59:08.000000','10382b21-307d-4391-8cf5-3d7ab4444d19','789b7485-e0ff-40c5-8919-661d0f0bd8da'),('76532c5f-9830-46b3-9912-88a737697429','2024-01-19 05:56:48.103995','2024-01-19 05:56:48.103995',NULL,4177000,'2023-09-15 14:59:08.000000','c68f0628-ace5-425f-8363-b12d33313b7a','789b7485-e0ff-40c5-8919-661d0f0bd8da'),('771c3704-823e-4e13-951b-7f277a0d36e5','2024-01-19 05:56:47.734728','2024-01-19 05:56:47.734728',NULL,3633400,'2023-04-11 14:59:08.000000','709bd6d1-f421-4967-8880-a85ba6553260','789b7485-e0ff-40c5-8919-661d0f0bd8da'),('77248239-f482-4670-87f0-f5f4c7f7da46','2024-01-19 05:56:48.069266','2024-01-19 05:56:48.069266',NULL,1247900,'2023-08-25 14:59:08.000000','e67afd04-10dc-4637-91cc-10e293a98bf7','267d0560-45db-4ca1-9e9d-96eae1c483e7'),('7731c439-4b42-4a2a-8718-87c32dcfb481','2024-01-19 05:56:47.799728','2024-01-19 05:56:47.799728',NULL,3264300,'2023-05-14 14:59:08.000000','d683c509-bda4-4997-877e-6e099df05542','789b7485-e0ff-40c5-8919-661d0f0bd8da'),('773ca496-b5d1-495a-b531-e74e1746262e','2024-01-19 05:56:48.341327','2024-01-19 05:56:48.341327',NULL,3953000,'2023-12-21 14:59:08.000000','906f787c-c86e-4051-b9d7-a75a7fdc98b2','267d0560-45db-4ca1-9e9d-96eae1c483e7'),('77cb15bd-1498-4ff7-a9be-9304f9cf214c','2024-01-19 05:56:48.025803','2024-01-19 05:56:48.025803',NULL,4042800,'2023-08-03 14:59:08.000000','ea078faa-bd78-4fd6-a4b3-4ee9e3ade8d2','789b7485-e0ff-40c5-8919-661d0f0bd8da'),('78a40d34-4b56-4197-8fda-120f25d43a3f','2024-01-19 05:56:48.089464','2024-01-19 05:56:48.089464',NULL,1135800,'2023-09-05 14:59:08.000000','a8a6e225-26c3-4d20-a6b4-2f7c507c3fad','267d0560-45db-4ca1-9e9d-96eae1c483e7'),('78e212f0-b1c2-4310-bdf4-46e7da28528b','2024-01-19 05:56:48.047439','2024-01-19 05:56:48.047439',NULL,2338400,'2023-08-13 14:59:08.000000','2b659158-8e8d-4bb7-8246-d2b2718d60ca','789b7485-e0ff-40c5-8919-661d0f0bd8da'),('7910c021-465e-465e-903e-c439b1700f84','2024-01-19 05:56:47.717704','2024-01-19 05:56:47.717704',NULL,4896900,'2023-04-04 14:59:08.000000','83dfe0b1-a623-4465-aaeb-f0d54dba6bc9','789b7485-e0ff-40c5-8919-661d0f0bd8da'),('793b9156-1875-4b74-933d-236273e4afff','2024-01-19 05:56:47.898505','2024-01-19 05:56:47.898505',NULL,3976100,'2023-06-12 14:59:08.000000','2331faae-2959-4d71-8ee5-432e0ecf2618','267d0560-45db-4ca1-9e9d-96eae1c483e7'),('7959ddff-5828-46eb-be8f-06cad56dd607','2024-01-19 05:56:48.105578','2024-01-19 05:56:48.105578',NULL,1225200,'2023-09-17 14:59:08.000000','ed95d054-e902-4bd1-a83d-84c68d68d298','267d0560-45db-4ca1-9e9d-96eae1c483e7'),('797bece1-c146-4f9e-ad7d-2b845a8b790d','2024-01-19 05:56:47.722594','2024-01-19 05:56:47.722594',NULL,3784900,'2023-04-06 14:59:08.000000','8376c502-887e-4132-9e26-6e1409650ca6','267d0560-45db-4ca1-9e9d-96eae1c483e7'),('79e325f9-152a-407e-8cce-245bdbadc500','2024-01-19 05:56:48.048272','2024-01-19 05:56:48.048272',NULL,1374700,'2023-08-14 14:59:08.000000','c64301b0-1a1f-4c49-8a56-01b331724fae','789b7485-e0ff-40c5-8919-661d0f0bd8da'),('79f5fe18-f534-4a4b-9f29-30c522cc004d','2024-01-19 05:56:47.769457','2024-01-19 05:56:47.769457',NULL,1600700,'2023-05-01 14:59:08.000000','2331faae-2959-4d71-8ee5-432e0ecf2618','789b7485-e0ff-40c5-8919-661d0f0bd8da'),('7a042353-abd0-4707-b378-3c9acf195d28','2024-01-19 05:56:48.104541','2024-01-19 05:56:48.104541',NULL,1248400,'2023-09-15 14:59:08.000000','323b2d0f-8a5e-4f2a-9212-dc7c3025908a','789b7485-e0ff-40c5-8919-661d0f0bd8da'),('7a081b39-5fb8-4b01-98f9-1f237914f6b6','2024-01-19 05:56:47.877120','2024-01-19 05:56:47.877120',NULL,2803500,'2023-06-02 14:59:08.000000','7e604845-d74a-4368-a125-c9479ec88222','267d0560-45db-4ca1-9e9d-96eae1c483e7'),('7a12f0fe-db09-4bd1-996a-34090f5ea92f','2024-01-19 05:56:47.744727','2024-01-19 05:56:47.744727',NULL,1719600,'2023-04-15 14:59:08.000000','a0bc9191-7b0c-4e50-b715-c35ecb7c9cf8','789b7485-e0ff-40c5-8919-661d0f0bd8da'),('7a35aadc-f889-4373-85af-dfe727907fb0','2024-01-19 05:56:48.155516','2024-01-19 05:56:48.155516',NULL,4594000,'2023-10-10 14:59:08.000000','bb836b96-0eff-4194-86ac-8b74b649803e','267d0560-45db-4ca1-9e9d-96eae1c483e7'),('7a8bc314-7f6d-44fe-affd-3d2b83a19160','2024-01-19 05:56:48.114665','2024-01-19 05:56:48.114665',NULL,4692600,'2023-09-20 14:59:08.000000','c68f0628-ace5-425f-8363-b12d33313b7a','267d0560-45db-4ca1-9e9d-96eae1c483e7'),('7abd6058-3c56-42ea-976f-c32988cd3e18','2024-01-19 05:56:47.976916','2024-01-19 05:56:47.976916',NULL,377900,'2023-07-06 14:59:08.000000','026cfdf3-d7ee-4b25-84ab-e1bcd185de52','789b7485-e0ff-40c5-8919-661d0f0bd8da'),('7aeea8b9-7d6c-46e1-abd2-480d1cd8e797','2024-01-19 05:56:48.139119','2024-01-19 05:56:48.139119',NULL,3656600,'2023-09-29 14:59:08.000000','2b659158-8e8d-4bb7-8246-d2b2718d60ca','789b7485-e0ff-40c5-8919-661d0f0bd8da'),('7af04294-8864-4a76-aa93-2da65de0de08','2024-01-19 05:56:48.000262','2024-01-19 05:56:48.000262',NULL,4534900,'2023-07-21 14:59:08.000000','709bd6d1-f421-4967-8880-a85ba6553260','789b7485-e0ff-40c5-8919-661d0f0bd8da'),('7b1c2a1e-2ccb-4734-896e-6e78b2aaf63b','2024-01-19 05:56:48.146192','2024-01-19 05:56:48.146192',NULL,2238000,'2023-10-03 14:59:08.000000','6fd6db3b-a515-4ec9-8dd9-1f4702154c88','267d0560-45db-4ca1-9e9d-96eae1c483e7'),('7b2e71bf-7252-4895-ae5b-4ffc22519f43','2024-01-19 05:56:48.308274','2024-01-19 05:56:48.308274',NULL,2559300,'2023-12-02 14:59:08.000000','7c315450-d2a9-4194-919f-d5db8aef6d73','789b7485-e0ff-40c5-8919-661d0f0bd8da'),('7b87d3ef-2c12-4286-8191-680b506f5c06','2024-01-19 05:56:47.565678','2024-01-19 05:56:47.565678',NULL,790700,'2023-01-21 14:59:08.000000','06928d73-5ab2-41e6-ac65-97bc25032c90','789b7485-e0ff-40c5-8919-661d0f0bd8da'),('7bef091a-f896-4d29-96f3-6f7ff161f3c6','2024-01-19 05:56:47.762897','2024-01-19 05:56:47.762897',NULL,110800,'2023-04-29 14:59:08.000000','7e604845-d74a-4368-a125-c9479ec88222','789b7485-e0ff-40c5-8919-661d0f0bd8da'),('7c8b02ab-44c1-4db3-bbda-ad405ebdb81c','2024-01-19 05:56:47.984615','2024-01-19 05:56:47.984615',NULL,3867300,'2023-07-11 14:59:08.000000','880ccb67-8061-4756-bbb8-bf4033660133','267d0560-45db-4ca1-9e9d-96eae1c483e7'),('7c914c88-0e0f-4a42-8d87-a8f24812c8c1','2024-01-19 05:56:48.115306','2024-01-19 05:56:48.115306',NULL,602800,'2023-09-20 14:59:08.000000','163c5d26-ffca-4e9f-854d-e1f37ba0361a','267d0560-45db-4ca1-9e9d-96eae1c483e7'),('7c94f177-0e66-4e5b-acd1-28f8ae990ead','2024-01-19 05:56:48.182026','2024-01-19 05:56:48.182026',NULL,2398700,'2023-10-20 14:59:08.000000','2b659158-8e8d-4bb7-8246-d2b2718d60ca','267d0560-45db-4ca1-9e9d-96eae1c483e7'),('7cef168c-a41e-4a92-bc0b-fef15f36c521','2024-01-19 05:56:48.146904','2024-01-19 05:56:48.146904',NULL,3212800,'2023-10-04 14:59:08.000000','c7574005-744d-43a6-9ceb-b4230f603441','789b7485-e0ff-40c5-8919-661d0f0bd8da'),('7d647045-268a-4c21-b690-c9b3652f7841','2024-01-19 05:56:47.759540','2024-01-19 05:56:47.759540',NULL,3677800,'2023-04-25 14:59:08.000000','8d4d07bf-e484-40c2-a470-01ac4f118ecd','789b7485-e0ff-40c5-8919-661d0f0bd8da'),('7da2d1e7-96d2-4a22-9d46-373c62ca77ea','2024-01-19 05:56:48.189509','2024-01-19 05:56:48.189509',NULL,1413500,'2023-10-23 14:59:08.000000','15e2a7e1-3fce-424a-9c93-715826187716','267d0560-45db-4ca1-9e9d-96eae1c483e7'),('7dcd8df3-6e8f-42e0-85d9-a03a873bb4db','2024-01-19 05:56:48.355627','2024-01-19 05:56:48.355627',NULL,3780800,'2023-12-25 14:59:08.000000','9e59050a-96a0-47a7-80fe-70bf17beeb0b','789b7485-e0ff-40c5-8919-661d0f0bd8da'),('7e3b8984-6d62-4bdc-ad7b-37b6e2485026','2024-01-19 05:56:48.095767','2024-01-19 05:56:48.095767',NULL,337200,'2023-09-09 14:59:08.000000','880ccb67-8061-4756-bbb8-bf4033660133','267d0560-45db-4ca1-9e9d-96eae1c483e7'),('7e6ade84-be3d-404c-81de-af8280ad694a','2024-01-19 05:56:47.733428','2024-01-19 05:56:47.733428',NULL,2461300,'2023-04-11 14:59:08.000000','94b5dd2d-8af2-48de-8fd5-e81d79c2a0de','267d0560-45db-4ca1-9e9d-96eae1c483e7'),('7eb83ae3-7736-4415-a2ca-a14fc50830c6','2024-01-19 05:56:48.078796','2024-01-19 05:56:48.078796',NULL,1943100,'2023-08-28 14:59:08.000000','4b6bf3e2-fdfd-4695-b2de-5abfa681aef6','267d0560-45db-4ca1-9e9d-96eae1c483e7'),('7ed7d117-3e74-4a7f-b34b-b0d73569d7a7','2024-01-19 05:56:48.284602','2024-01-19 05:56:48.284602',NULL,888000,'2023-11-20 14:59:08.000000','0ab72fa0-66ab-4982-a1f2-d68eef685571','267d0560-45db-4ca1-9e9d-96eae1c483e7'),('7f26e770-5379-4036-a3a7-22931ffade7e','2024-01-19 05:56:47.784163','2024-01-19 05:56:47.784163',NULL,534200,'2023-05-07 14:59:08.000000','b2f8ad3a-8a36-4e33-9560-720ff67246a4','789b7485-e0ff-40c5-8919-661d0f0bd8da'),('7f31b01e-91b7-46ae-9112-366576fbe73f','2024-01-19 05:56:47.759010','2024-01-19 05:56:47.759010',NULL,3295700,'2023-04-25 14:59:08.000000','b0397be6-bdd2-40f7-9736-a1abc98554d1','267d0560-45db-4ca1-9e9d-96eae1c483e7'),('7fb37d87-8ac1-4c3e-8631-a86de992d3cb','2024-01-19 05:56:47.543641','2024-01-19 05:56:47.543641',NULL,372900,'2023-01-11 14:59:08.000000','c68f0628-ace5-425f-8363-b12d33313b7a','789b7485-e0ff-40c5-8919-661d0f0bd8da'),('7fb860a2-fc81-42ce-a7c7-9ab8c9ad4e3e','2024-01-19 05:56:47.636157','2024-01-19 05:56:47.636157',NULL,561600,'2023-02-21 14:59:08.000000','2c17f922-58e5-41c2-b53e-0dc710248d26','789b7485-e0ff-40c5-8919-661d0f0bd8da'),('7fe141cf-e0a2-4a3d-bee1-5a519263dad7','2024-01-19 05:56:48.026280','2024-01-19 05:56:48.026280',NULL,817800,'2023-08-04 14:59:08.000000','323b2d0f-8a5e-4f2a-9212-dc7c3025908a','789b7485-e0ff-40c5-8919-661d0f0bd8da'),('800c5882-a476-4bae-a22e-43185d492f3a','2024-01-19 05:56:48.073689','2024-01-19 05:56:48.073689',NULL,1908600,'2023-08-26 14:59:08.000000','8ad38415-e27e-4a21-a7c1-9616b04cfb7c','789b7485-e0ff-40c5-8919-661d0f0bd8da'),('80658440-adf9-4326-bda9-9a65ccf08376','2024-01-19 05:56:47.799182','2024-01-19 05:56:47.799182',NULL,2743900,'2023-05-14 14:59:08.000000','8ad38415-e27e-4a21-a7c1-9616b04cfb7c','789b7485-e0ff-40c5-8919-661d0f0bd8da'),('809f0b61-edae-4964-af57-4d630c30e271','2024-01-19 05:56:48.126447','2024-01-19 05:56:48.126447',NULL,395600,'2023-09-24 14:59:08.000000','6d2f1a4e-a47a-4e0c-8f57-bbc3af2fd5b6','789b7485-e0ff-40c5-8919-661d0f0bd8da'),('81237149-9b72-40f7-a91d-3ecf56e2f772','2024-01-19 05:56:47.702065','2024-01-19 05:56:47.702065',NULL,2504400,'2023-03-24 14:59:08.000000','9692a73c-c87d-4f51-b1b9-7d2111084ffe','267d0560-45db-4ca1-9e9d-96eae1c483e7'),('816b3208-4b88-41de-90f0-7383fbd98c29','2024-01-19 05:56:48.032273','2024-01-19 05:56:48.032273',NULL,4537000,'2023-08-07 14:59:08.000000','ed95d054-e902-4bd1-a83d-84c68d68d298','789b7485-e0ff-40c5-8919-661d0f0bd8da'),('81a69daa-10b6-4707-b78b-7bb940af4c89','2024-01-19 05:56:48.099072','2024-01-19 05:56:48.099072',NULL,2045400,'2023-09-11 14:59:08.000000','0ab72fa0-66ab-4982-a1f2-d68eef685571','789b7485-e0ff-40c5-8919-661d0f0bd8da'),('82498a32-5068-41fa-90cb-3e4d437de8eb','2024-01-19 05:56:48.298702','2024-01-19 05:56:48.298702',NULL,3814400,'2023-11-28 14:59:08.000000','2b67dbf0-ed3a-4442-8fb8-6930676f85e4','267d0560-45db-4ca1-9e9d-96eae1c483e7'),('827d46e3-5fc6-46dc-acbf-00dff0294819','2024-01-19 05:56:48.023581','2024-01-19 05:56:48.023581',NULL,2667900,'2023-08-03 14:59:08.000000','6a8f52d0-03b8-47f6-bbb7-1cfef8eb48cc','789b7485-e0ff-40c5-8919-661d0f0bd8da'),('82977823-43ae-40f0-823a-061894fcd6c7','2024-01-19 05:56:48.076592','2024-01-19 05:56:48.076592',NULL,2835300,'2023-08-27 14:59:08.000000','dcf6c92f-caeb-4fe8-94be-283032cf2213','789b7485-e0ff-40c5-8919-661d0f0bd8da'),('82da3cab-960e-4535-b6dd-0d8e803a36a0','2024-01-19 05:56:47.643500','2024-01-19 05:56:47.643500',NULL,932700,'2023-02-26 14:59:08.000000','ac305234-15db-4320-a504-cd2997399b73','789b7485-e0ff-40c5-8919-661d0f0bd8da'),('833d9f26-5f17-4e6e-94bd-a5a538b56924','2024-01-19 05:56:48.044827','2024-01-19 05:56:48.044827',NULL,2147400,'2023-08-13 14:59:08.000000','2e5b3100-95ab-46e0-af39-fe0228f404c7','267d0560-45db-4ca1-9e9d-96eae1c483e7'),('8372bf9e-77bb-4625-b8c1-30eab52e2f95','2024-01-19 05:56:47.688635','2024-01-19 05:56:47.688635',NULL,2856500,'2023-03-17 14:59:08.000000','94b5dd2d-8af2-48de-8fd5-e81d79c2a0de','267d0560-45db-4ca1-9e9d-96eae1c483e7'),('83c6551a-4412-49e9-9a52-5369b81ad69d','2024-01-19 05:56:47.763730','2024-01-19 05:56:47.763730',NULL,4495700,'2023-04-29 14:59:08.000000','20a920bf-dbc7-4c2b-84c8-d5e828395364','267d0560-45db-4ca1-9e9d-96eae1c483e7'),('83ce71b1-4486-4909-a1e5-1a2201dc01c2','2024-01-19 05:56:48.183670','2024-01-19 05:56:48.183670',NULL,3012800,'2023-10-20 14:59:08.000000','40bce365-c6e9-47a4-8877-622cfa07ce18','789b7485-e0ff-40c5-8919-661d0f0bd8da'),('8408bc6f-5954-479a-8f22-43d3c99939d0','2024-01-19 05:56:48.302521','2024-01-19 05:56:48.302521',NULL,4262300,'2023-12-01 14:59:08.000000','83dfe0b1-a623-4465-aaeb-f0d54dba6bc9','789b7485-e0ff-40c5-8919-661d0f0bd8da'),('841b92ac-b709-400b-9dd6-09c5218d8bc6','2024-01-19 05:56:47.768777','2024-01-19 05:56:47.768777',NULL,2248500,'2023-05-01 14:59:08.000000','e46f171b-b50e-47ba-9f15-575149d62772','267d0560-45db-4ca1-9e9d-96eae1c483e7'),('848cf1b6-7bfc-4a0c-b664-9fbdbd6f28c7','2024-01-19 05:56:47.922054','2024-01-19 05:56:47.922054',NULL,3312800,'2023-06-22 14:59:08.000000','c7574005-744d-43a6-9ceb-b4230f603441','789b7485-e0ff-40c5-8919-661d0f0bd8da'),('84adafaa-00a1-4bbf-b1ce-e399d2c6c283','2024-01-19 05:56:47.629221','2024-01-19 05:56:47.629221',NULL,4048900,'2023-02-16 14:59:08.000000','163c5d26-ffca-4e9f-854d-e1f37ba0361a','267d0560-45db-4ca1-9e9d-96eae1c483e7'),('84b3b198-4105-4681-9633-80440094fc3e','2024-01-19 05:56:47.775079','2024-01-19 05:56:47.775079',NULL,4394300,'2023-05-03 14:59:08.000000','9692a73c-c87d-4f51-b1b9-7d2111084ffe','267d0560-45db-4ca1-9e9d-96eae1c483e7'),('85268c6c-ac86-4e0a-9aad-9dbbf94ef364','2024-01-19 05:56:47.746125','2024-01-19 05:56:47.746125',NULL,2240800,'2023-04-17 14:59:08.000000','2c17f922-58e5-41c2-b53e-0dc710248d26','789b7485-e0ff-40c5-8919-661d0f0bd8da'),('852a73e1-6704-4ce9-91bd-ec08ff238f55','2024-01-19 05:56:48.136959','2024-01-19 05:56:48.136959',NULL,896100,'2023-09-27 14:59:08.000000','15e2a7e1-3fce-424a-9c93-715826187716','789b7485-e0ff-40c5-8919-661d0f0bd8da'),('852d4c65-0a3a-44c4-b5e1-fcb8b1fb6d52','2024-01-19 05:56:48.315693','2024-01-19 05:56:48.315693',NULL,2494100,'2023-12-07 14:59:08.000000','7bb44c13-f988-4c61-a8ef-307551405e72','789b7485-e0ff-40c5-8919-661d0f0bd8da'),('8572a6b4-7827-4524-9a80-b74469cc8434','2024-01-19 05:56:48.042848','2024-01-19 05:56:48.042848',NULL,1110300,'2023-08-12 14:59:08.000000','6b9e1d80-63b9-4810-b249-ea1549704832','789b7485-e0ff-40c5-8919-661d0f0bd8da'),('85df411e-9cfc-47b4-b82e-d353f37073f8','2024-01-19 05:56:48.293810','2024-01-19 05:56:48.293810',NULL,2138900,'2023-11-25 14:59:08.000000','dcf6c92f-caeb-4fe8-94be-283032cf2213','267d0560-45db-4ca1-9e9d-96eae1c483e7'),('85e7835c-e6b7-4d37-b0dc-ddaa07ebeae1','2024-01-19 05:56:48.175113','2024-01-19 05:56:48.175113',NULL,4313200,'2023-10-18 14:59:08.000000','63dc3d8a-0b5a-420e-b1e6-5deb0f7aa478','789b7485-e0ff-40c5-8919-661d0f0bd8da'),('863118b6-d9e3-428b-b7f2-2dea33ce40d8','2024-01-19 05:56:48.371829','2024-01-19 05:56:48.371829',NULL,4650000,'2023-12-29 14:59:08.000000','ea078faa-bd78-4fd6-a4b3-4ee9e3ade8d2','789b7485-e0ff-40c5-8919-661d0f0bd8da'),('8662e9aa-1210-4659-978d-0c3ac1eef4fa','2024-01-19 05:56:48.200557','2024-01-19 05:56:48.200557',NULL,1587300,'2023-10-27 14:59:08.000000','3384a0f8-300a-43b1-85f9-1962fb11fc58','789b7485-e0ff-40c5-8919-661d0f0bd8da'),('8694ee8c-99c3-41e3-9328-5a3fee2c9d22','2024-01-19 05:56:48.105061','2024-01-19 05:56:48.105061',NULL,1579100,'2023-09-15 14:59:08.000000','0ab72fa0-66ab-4982-a1f2-d68eef685571','789b7485-e0ff-40c5-8919-661d0f0bd8da'),('874bfa7e-afda-46de-8f93-9a1003b133ef','2024-01-19 05:56:47.639243','2024-01-19 05:56:47.639243',NULL,4978300,'2023-02-24 14:59:08.000000','64c3ca5a-54d4-4a3e-9db2-07205e0dd7a3','789b7485-e0ff-40c5-8919-661d0f0bd8da'),('87b569ab-05f7-49ae-b84f-371a0520e0ed','2024-01-19 05:56:48.163102','2024-01-19 05:56:48.163102',NULL,4495300,'2023-10-12 14:59:08.000000','83dfe0b1-a623-4465-aaeb-f0d54dba6bc9','267d0560-45db-4ca1-9e9d-96eae1c483e7'),('8822178a-fbc1-4573-a7a2-694c7366adb7','2024-01-19 05:56:47.611959','2024-01-19 05:56:47.611959',NULL,4201400,'2023-02-09 14:59:08.000000','4a6b7467-d821-4578-8886-a655e8295e26','789b7485-e0ff-40c5-8919-661d0f0bd8da'),('8826d145-c8fd-40ad-88c2-b1307fc16ced','2024-01-19 05:56:47.780522','2024-01-19 05:56:47.780522',NULL,743200,'2023-05-06 14:59:08.000000','b0397be6-bdd2-40f7-9736-a1abc98554d1','789b7485-e0ff-40c5-8919-661d0f0bd8da'),('8842a428-c580-43f8-a099-f127edd0d59b','2024-01-19 05:56:47.712676','2024-01-19 05:56:47.712676',NULL,838900,'2023-03-29 14:59:08.000000','0ab72fa0-66ab-4982-a1f2-d68eef685571','267d0560-45db-4ca1-9e9d-96eae1c483e7'),('889622c1-8502-486d-bf59-6610f221c914','2024-01-19 05:56:47.979493','2024-01-19 05:56:47.979493',NULL,2647600,'2023-07-07 14:59:08.000000','34fbac25-9ac0-4d00-aa2b-8b37dfd6fed2','789b7485-e0ff-40c5-8919-661d0f0bd8da'),('88c0bea4-f657-4e50-bead-58ee7f503d51','2024-01-19 05:56:47.752875','2024-01-19 05:56:47.752875',NULL,916600,'2023-04-20 14:59:08.000000','5e6477ec-b69b-48f8-90a1-f857069ee4f6','789b7485-e0ff-40c5-8919-661d0f0bd8da'),('895862b8-3e4a-438e-94b6-90ed823a56e1','2024-01-19 05:56:48.337505','2024-01-19 05:56:48.337505',NULL,681900,'2023-12-20 14:59:08.000000','d07d3741-846a-44dc-ae3c-8bdb828e7e3e','267d0560-45db-4ca1-9e9d-96eae1c483e7'),('89631bc3-456a-43f8-80fc-a5d69b01008e','2024-01-19 05:56:48.260713','2024-01-19 05:56:48.260713',NULL,2283500,'2023-11-08 14:59:08.000000','e67afd04-10dc-4637-91cc-10e293a98bf7','267d0560-45db-4ca1-9e9d-96eae1c483e7'),('896a72ac-807d-4cf5-9ccb-5e061b80a160','2024-01-19 05:56:48.374557','2024-01-19 05:56:48.374557',NULL,4969200,'2023-12-29 14:59:08.000000','7bb44c13-f988-4c61-a8ef-307551405e72','267d0560-45db-4ca1-9e9d-96eae1c483e7'),('89ecf31c-8ad3-47b3-a35a-a666ee4cb06a','2024-01-19 05:56:48.197204','2024-01-19 05:56:48.197204',NULL,3624300,'2023-10-26 14:59:08.000000','d683c509-bda4-4997-877e-6e099df05542','789b7485-e0ff-40c5-8919-661d0f0bd8da'),('8a026969-32f6-41f0-8591-da85a813cc2b','2024-01-19 05:56:47.591945','2024-01-19 05:56:47.591945',NULL,432300,'2023-02-02 14:59:08.000000','a531b94d-d879-4139-a506-d682bdaf4506','267d0560-45db-4ca1-9e9d-96eae1c483e7'),('8a0dd618-0cc0-4b61-89c0-4366bae3f17a','2024-01-19 05:56:48.057270','2024-01-19 05:56:48.057270',NULL,4966100,'2023-08-19 14:59:08.000000','51b2e151-da5e-4743-800e-723fec04076e','789b7485-e0ff-40c5-8919-661d0f0bd8da'),('8a160d3c-6595-4d5f-bcdb-73887bb0cc21','2024-01-19 05:56:47.858234','2024-01-19 05:56:47.858234',NULL,971200,'2023-05-27 14:59:08.000000','9e59050a-96a0-47a7-80fe-70bf17beeb0b','789b7485-e0ff-40c5-8919-661d0f0bd8da'),('8a3b7cba-2f4f-4347-9ced-dbbe003d8488','2024-01-19 05:56:48.182828','2024-01-19 05:56:48.182828',NULL,3203000,'2023-10-20 14:59:08.000000','2b67dbf0-ed3a-4442-8fb8-6930676f85e4','267d0560-45db-4ca1-9e9d-96eae1c483e7'),('8a63ab87-caa6-4836-a3c7-b3c5d3747f0f','2024-01-19 05:56:47.689317','2024-01-19 05:56:47.689317',NULL,2922800,'2023-03-18 14:59:08.000000','edcc6825-49cb-4b89-aab0-2dc7f372fb86','267d0560-45db-4ca1-9e9d-96eae1c483e7'),('8af5f693-c88b-4eb4-b38d-aba8c2755648','2024-01-19 05:56:48.188254','2024-01-19 05:56:48.188254',NULL,4062500,'2023-10-22 14:59:08.000000','8376c502-887e-4132-9e26-6e1409650ca6','267d0560-45db-4ca1-9e9d-96eae1c483e7'),('8b4e01f5-e78a-48b7-b72c-a787a349d753','2024-01-19 05:56:48.119575','2024-01-19 05:56:48.119575',NULL,2300000,'2023-09-22 14:59:08.000000','6b5eee88-ae75-4626-b23b-8297040a0dd7','267d0560-45db-4ca1-9e9d-96eae1c483e7'),('8b9a4347-86e7-4f93-a652-1d307d561494','2024-01-19 05:56:48.125783','2024-01-19 05:56:48.125783',NULL,2150300,'2023-09-24 14:59:08.000000','d304305a-3016-448f-ba0b-44d055567619','267d0560-45db-4ca1-9e9d-96eae1c483e7'),('8bdb0ca5-b34f-45f9-92d7-c0dc63ea4f58','2024-01-19 05:56:47.529277','2024-01-19 05:56:47.529277',NULL,2788300,'2023-01-07 14:59:08.000000','0e694c04-8250-404f-8b32-769702c52e69','267d0560-45db-4ca1-9e9d-96eae1c483e7'),('8bf8e703-9f03-4e0b-9b0f-3d46336627ec','2024-01-19 05:56:48.088396','2024-01-19 05:56:48.088396',NULL,3680400,'2023-09-03 14:59:08.000000','4b4b0e07-95a9-4f7f-9d18-3ea87f6fdffc','789b7485-e0ff-40c5-8919-661d0f0bd8da'),('8cba3aa9-9257-4f8f-a653-cbeb02b9e6c6','2024-01-19 05:56:47.774463','2024-01-19 05:56:47.774463',NULL,3588400,'2023-05-03 14:59:08.000000','10382b21-307d-4391-8cf5-3d7ab4444d19','789b7485-e0ff-40c5-8919-661d0f0bd8da'),('8cc06f4b-7154-4eed-809c-a0344e15f075','2024-01-19 05:56:47.697384','2024-01-19 05:56:47.697384',NULL,2284900,'2023-03-21 14:59:08.000000','b2cf622e-eb4f-48f3-bb7c-cfd38353e5a0','789b7485-e0ff-40c5-8919-661d0f0bd8da'),('8cf5e911-dc02-4617-987b-40450d3461eb','2024-01-19 05:56:48.054475','2024-01-19 05:56:48.054475',NULL,2662000,'2023-08-17 14:59:08.000000','8ad38415-e27e-4a21-a7c1-9616b04cfb7c','267d0560-45db-4ca1-9e9d-96eae1c483e7'),('8dac7f3b-18c9-4353-ab58-284ab7361e24','2024-01-19 05:56:47.883604','2024-01-19 05:56:47.883604',NULL,3475200,'2023-06-03 14:59:08.000000','c7574005-744d-43a6-9ceb-b4230f603441','267d0560-45db-4ca1-9e9d-96eae1c483e7'),('8dbca095-ad24-41d1-9267-324380e69324','2024-01-19 05:56:47.687791','2024-01-19 05:56:47.687791',NULL,1021800,'2023-03-17 14:59:08.000000','2210e1c2-519c-48e2-af1a-49531cdf7585','267d0560-45db-4ca1-9e9d-96eae1c483e7'),('8dc730a7-4f18-4d70-a166-79b68b342ac5','2024-01-19 05:56:47.766678','2024-01-19 05:56:47.766678',NULL,1650400,'2023-05-01 14:59:08.000000','c831abe4-94ed-4137-bf18-6c297c2a93f6','267d0560-45db-4ca1-9e9d-96eae1c483e7'),('8e11d6eb-7b83-4a82-a44c-e80a3525bdfb','2024-01-19 05:56:48.329474','2024-01-19 05:56:48.329474',NULL,2754400,'2023-12-14 14:59:08.000000','fa9d2517-21cb-4b41-aa79-83b653a7c89b','267d0560-45db-4ca1-9e9d-96eae1c483e7'),('8e222da0-439e-44ad-a8bf-1779a5468a1a','2024-01-19 05:56:47.893425','2024-01-19 05:56:47.893425',NULL,265400,'2023-06-08 14:59:08.000000','c64301b0-1a1f-4c49-8a56-01b331724fae','267d0560-45db-4ca1-9e9d-96eae1c483e7'),('8e7cc7de-e0af-4328-996d-1d3159c8103f','2024-01-19 05:56:48.022830','2024-01-19 05:56:48.022830',NULL,1598200,'2023-08-03 14:59:08.000000','4a6b7467-d821-4578-8886-a655e8295e26','789b7485-e0ff-40c5-8919-661d0f0bd8da'),('8eebe259-1cf8-4a95-b4ea-eed03ee76384','2024-01-19 05:56:47.555724','2024-01-19 05:56:47.555724',NULL,3261700,'2023-01-17 14:59:08.000000','b0397be6-bdd2-40f7-9736-a1abc98554d1','789b7485-e0ff-40c5-8919-661d0f0bd8da'),('8f3f8cc5-85c2-42aa-84a5-5db88923f69d','2024-01-19 05:56:48.030858','2024-01-19 05:56:48.030858',NULL,3186100,'2023-08-06 14:59:08.000000','c64301b0-1a1f-4c49-8a56-01b331724fae','267d0560-45db-4ca1-9e9d-96eae1c483e7'),('8f701020-88a0-4a62-872a-228d58ec1653','2024-01-19 05:56:48.083637','2024-01-19 05:56:48.083637',NULL,2153900,'2023-09-01 14:59:08.000000','ff85e6bd-1815-4628-aa37-c3943c810d25','267d0560-45db-4ca1-9e9d-96eae1c483e7'),('8f97a834-0de4-4e2e-a5ae-3440ca00afe3','2024-01-19 05:56:48.344042','2024-01-19 05:56:48.344042',NULL,4767200,'2023-12-21 14:59:08.000000','2331faae-2959-4d71-8ee5-432e0ecf2618','267d0560-45db-4ca1-9e9d-96eae1c483e7'),('8fe8ea3e-6e50-450f-8487-130cb03019aa','2024-01-19 05:56:47.870143','2024-01-19 05:56:47.870143',NULL,3935400,'2023-05-30 14:59:08.000000','163c5d26-ffca-4e9f-854d-e1f37ba0361a','267d0560-45db-4ca1-9e9d-96eae1c483e7'),('9011685e-d63e-4d84-b9d5-86cb8034070d','2024-01-19 05:56:48.381795','2024-01-19 05:56:48.381795',NULL,4664900,'2024-01-02 14:59:08.000000','c68f0628-ace5-425f-8363-b12d33313b7a','789b7485-e0ff-40c5-8919-661d0f0bd8da'),('9053453b-19d7-409e-82b5-88e706715615','2024-01-19 05:56:48.138517','2024-01-19 05:56:48.138517',NULL,3925700,'2023-09-28 14:59:08.000000','9692a73c-c87d-4f51-b1b9-7d2111084ffe','267d0560-45db-4ca1-9e9d-96eae1c483e7'),('914d06bd-d631-445d-a762-1f1fd2e376bc','2024-01-19 05:56:47.720310','2024-01-19 05:56:47.720310',NULL,4547800,'2023-04-06 14:59:08.000000','7bbbe3be-8354-44c4-bd7f-740d11b75262','267d0560-45db-4ca1-9e9d-96eae1c483e7'),('91abf3a7-e8d7-4575-ad73-3d24af85a7da','2024-01-19 05:56:48.031590','2024-01-19 05:56:48.031590',NULL,766400,'2023-08-06 14:59:08.000000','b2cf622e-eb4f-48f3-bb7c-cfd38353e5a0','267d0560-45db-4ca1-9e9d-96eae1c483e7'),('922a4dc1-4761-453e-8e50-ee1d2e141b58','2024-01-19 05:56:48.246344','2024-01-19 05:56:48.246344',NULL,2002700,'2023-11-01 14:59:08.000000','2c17f922-58e5-41c2-b53e-0dc710248d26','267d0560-45db-4ca1-9e9d-96eae1c483e7'),('92323a31-e27c-4738-b6bb-3a598258e4db','2024-01-19 05:56:47.864720','2024-01-19 05:56:47.864720',NULL,226400,'2023-05-29 14:59:08.000000','3aee4e3b-e662-4e84-a8be-072c0148d273','267d0560-45db-4ca1-9e9d-96eae1c483e7'),('92a12235-af55-4b8d-80a2-c8b0f6a45b2d','2024-01-19 05:56:47.811913','2024-01-19 05:56:47.811913',NULL,1133300,'2023-05-18 14:59:08.000000','b2f8ad3a-8a36-4e33-9560-720ff67246a4','789b7485-e0ff-40c5-8919-661d0f0bd8da'),('92a564f9-11ef-4dc7-9fbe-8df8d95a0866','2024-01-19 05:56:47.931812','2024-01-19 05:56:47.931812',NULL,183800,'2023-06-25 14:59:08.000000','edcc6825-49cb-4b89-aab0-2dc7f372fb86','267d0560-45db-4ca1-9e9d-96eae1c483e7'),('92dc15db-5e24-4a5d-9c28-522a31c31b5a','2024-01-19 05:56:48.319701','2024-01-19 05:56:48.319701',NULL,765600,'2023-12-10 14:59:08.000000','026cfdf3-d7ee-4b25-84ab-e1bcd185de52','789b7485-e0ff-40c5-8919-661d0f0bd8da'),('931b56df-d93c-422a-b5b0-6e83a4660fe7','2024-01-19 05:56:47.796757','2024-01-19 05:56:47.796757',NULL,2432800,'2023-05-12 14:59:08.000000','9e59050a-96a0-47a7-80fe-70bf17beeb0b','267d0560-45db-4ca1-9e9d-96eae1c483e7'),('931b68db-d78c-4641-bd95-9ad04e8f1b6a','2024-01-19 05:56:47.781289','2024-01-19 05:56:47.781289',NULL,4743700,'2023-05-06 14:59:08.000000','6dcd496f-4902-40c2-a665-b7a204232403','789b7485-e0ff-40c5-8919-661d0f0bd8da'),('93703750-2eca-46a5-8ad5-938bf992abb0','2024-01-19 05:56:48.345990','2024-01-19 05:56:48.345990',NULL,4256800,'2023-12-22 14:59:08.000000','b2f8ad3a-8a36-4e33-9560-720ff67246a4','267d0560-45db-4ca1-9e9d-96eae1c483e7'),('937e1ff2-f82f-4f66-b698-5d7318b762b1','2024-01-19 05:56:47.881220','2024-01-19 05:56:47.881220',NULL,3862300,'2023-06-02 14:59:08.000000','d77ee9cb-3588-40e7-9c81-8015f463be43','267d0560-45db-4ca1-9e9d-96eae1c483e7'),('939d515a-7dbc-40a7-b9b6-3f992d243b3d','2024-01-19 05:56:48.297952','2024-01-19 05:56:48.297952',NULL,3091500,'2023-11-28 14:59:08.000000','8ad38415-e27e-4a21-a7c1-9616b04cfb7c','267d0560-45db-4ca1-9e9d-96eae1c483e7'),('93a1cf40-bb8f-4d7e-953c-e00bf80dcbe0','2024-01-19 05:56:47.962295','2024-01-19 05:56:47.962295',NULL,2662900,'2023-06-29 14:59:08.000000','d304305a-3016-448f-ba0b-44d055567619','267d0560-45db-4ca1-9e9d-96eae1c483e7'),('93efdcd5-b0a5-48a5-a380-4c8fb3507db6','2024-01-19 05:56:48.278017','2024-01-19 05:56:48.278017',NULL,2599600,'2023-11-18 14:59:08.000000','e5a432a5-96ad-4efd-8391-7cbdae2aa356','267d0560-45db-4ca1-9e9d-96eae1c483e7'),('93ff55d7-5f54-4e74-a791-20579c4544b2','2024-01-19 05:56:47.727787','2024-01-19 05:56:47.727787',NULL,324800,'2023-04-09 14:59:08.000000','5e6477ec-b69b-48f8-90a1-f857069ee4f6','789b7485-e0ff-40c5-8919-661d0f0bd8da'),('944d36ae-1322-42ab-889a-a7d3147abf7a','2024-01-19 05:56:47.606665','2024-01-19 05:56:47.606665',NULL,4244500,'2023-02-06 14:59:08.000000','8d4d07bf-e484-40c2-a470-01ac4f118ecd','267d0560-45db-4ca1-9e9d-96eae1c483e7'),('94d5df4b-94b0-4e43-8327-ed5b6be288d4','2024-01-19 05:56:48.092037','2024-01-19 05:56:48.092037',NULL,2855300,'2023-09-07 14:59:08.000000','2331faae-2959-4d71-8ee5-432e0ecf2618','267d0560-45db-4ca1-9e9d-96eae1c483e7'),('94d6ffd8-0296-48c4-a595-ee25108d8180','2024-01-19 05:56:48.092731','2024-01-19 05:56:48.092731',NULL,329000,'2023-09-08 14:59:08.000000','709bd6d1-f421-4967-8880-a85ba6553260','789b7485-e0ff-40c5-8919-661d0f0bd8da'),('94e057bb-0d17-48ec-a242-99e79e4c6a22','2024-01-19 05:56:47.904570','2024-01-19 05:56:47.904570',NULL,708500,'2023-06-12 14:59:08.000000','ac305234-15db-4320-a504-cd2997399b73','789b7485-e0ff-40c5-8919-661d0f0bd8da'),('9544069b-8161-49b0-8fdc-10642b126cc3','2024-01-19 05:56:48.084182','2024-01-19 05:56:48.084182',NULL,4411200,'2023-09-02 14:59:08.000000','8d4d07bf-e484-40c2-a470-01ac4f118ecd','267d0560-45db-4ca1-9e9d-96eae1c483e7'),('963044e6-5ed6-495e-8815-9bec0804b794','2024-01-19 05:56:47.705917','2024-01-19 05:56:47.705917',NULL,2494000,'2023-03-25 14:59:08.000000','c64301b0-1a1f-4c49-8a56-01b331724fae','267d0560-45db-4ca1-9e9d-96eae1c483e7'),('96e31e4c-c6af-4d63-bb45-f7cfc42b135a','2024-01-19 05:56:47.739585','2024-01-19 05:56:47.739585',NULL,1777800,'2023-04-12 14:59:08.000000','9692a73c-c87d-4f51-b1b9-7d2111084ffe','789b7485-e0ff-40c5-8919-661d0f0bd8da'),('96fd025d-fe33-4161-916e-68bc30c68cd6','2024-01-19 05:56:47.625164','2024-01-19 05:56:47.625164',NULL,2190100,'2023-02-13 14:59:08.000000','4a6b7467-d821-4578-8886-a655e8295e26','267d0560-45db-4ca1-9e9d-96eae1c483e7'),('9717be3a-b433-4adc-ac3f-6379f734560e','2024-01-19 05:56:48.307562','2024-01-19 05:56:48.307562',NULL,1910700,'2023-12-02 14:59:08.000000','0e694c04-8250-404f-8b32-769702c52e69','789b7485-e0ff-40c5-8919-661d0f0bd8da'),('9746823b-5e7b-42a5-8620-cc538558c1f7','2024-01-19 05:56:47.916571','2024-01-19 05:56:47.916571',NULL,3490000,'2023-06-18 14:59:08.000000','51b2e151-da5e-4743-800e-723fec04076e','267d0560-45db-4ca1-9e9d-96eae1c483e7'),('97a7b715-5741-4dd0-bc30-eac4290fda94','2024-01-19 05:56:48.198623','2024-01-19 05:56:48.198623',NULL,456300,'2023-10-26 14:59:08.000000','a531b94d-d879-4139-a506-d682bdaf4506','267d0560-45db-4ca1-9e9d-96eae1c483e7'),('97b1dd25-ff0f-4943-a241-876963a1e789','2024-01-19 05:56:47.933169','2024-01-19 05:56:47.933169',NULL,2836200,'2023-06-26 14:59:08.000000','0e694c04-8250-404f-8b32-769702c52e69','267d0560-45db-4ca1-9e9d-96eae1c483e7'),('98244097-700c-48a5-8f8b-3247abeb8d41','2024-01-19 05:56:48.153013','2024-01-19 05:56:48.153013',NULL,4460600,'2023-10-09 14:59:08.000000','14d08316-a3d3-4e73-bd3c-3aed234fa610','789b7485-e0ff-40c5-8919-661d0f0bd8da'),('9885ea99-3d04-40f0-988e-f9016346b491','2024-01-19 05:56:48.250699','2024-01-19 05:56:48.250699',NULL,1561300,'2023-11-02 14:59:08.000000','e67afd04-10dc-4637-91cc-10e293a98bf7','789b7485-e0ff-40c5-8919-661d0f0bd8da'),('98b11dc6-b828-4f4a-988a-195a6c5ef89d','2024-01-19 05:56:47.802774','2024-01-19 05:56:47.802774',NULL,3090900,'2023-05-17 14:59:08.000000','34fbac25-9ac0-4d00-aa2b-8b37dfd6fed2','267d0560-45db-4ca1-9e9d-96eae1c483e7'),('991f0264-3c26-41a8-b079-f9594946c446','2024-01-19 05:56:47.946798','2024-01-19 05:56:47.946798',NULL,3072200,'2023-06-28 14:59:08.000000','032f81ca-2f18-4830-a4a0-eba888d2023a','789b7485-e0ff-40c5-8919-661d0f0bd8da'),('99508cd9-8fc6-4e92-a86d-bd83d9d7ae00','2024-01-19 05:56:47.743373','2024-01-19 05:56:47.743373',NULL,3598400,'2023-04-15 14:59:08.000000','8d4d07bf-e484-40c2-a470-01ac4f118ecd','267d0560-45db-4ca1-9e9d-96eae1c483e7'),('99575540-8a8f-478d-94c5-ac68cb08bc1e','2024-01-19 05:56:48.113190','2024-01-19 05:56:48.113190',NULL,3190400,'2023-09-20 14:59:08.000000','7bb44c13-f988-4c61-a8ef-307551405e72','267d0560-45db-4ca1-9e9d-96eae1c483e7'),('99615f5a-bf37-4a35-b679-e15499385a6c','2024-01-19 05:56:47.807853','2024-01-19 05:56:47.807853',NULL,4291500,'2023-05-18 14:59:08.000000','94b5dd2d-8af2-48de-8fd5-e81d79c2a0de','789b7485-e0ff-40c5-8919-661d0f0bd8da'),('99649f80-46a8-4e09-a118-53b4ccdca2c2','2024-01-19 05:56:47.630359','2024-01-19 05:56:47.630359',NULL,2181200,'2023-02-17 14:59:08.000000','5f377e37-a646-4ec0-b99d-073346912a33','789b7485-e0ff-40c5-8919-661d0f0bd8da'),('997e9a08-c593-4cd0-898c-42d5b7e8c794','2024-01-19 05:56:47.737646','2024-01-19 05:56:47.737646',NULL,3215400,'2023-04-12 14:59:08.000000','32319448-fcf0-48db-bb35-6e9a6714be01','267d0560-45db-4ca1-9e9d-96eae1c483e7'),('99f7a2ce-cea4-4ecd-a3f3-bbe9638c7e71','2024-01-19 05:56:47.659597','2024-01-19 05:56:47.659597',NULL,2410400,'2023-03-04 14:59:08.000000','8d4d07bf-e484-40c2-a470-01ac4f118ecd','267d0560-45db-4ca1-9e9d-96eae1c483e7'),('9a14c231-701c-4453-b024-2bfec34a4544','2024-01-19 05:56:48.360337','2024-01-19 05:56:48.360337',NULL,2742800,'2023-12-26 14:59:08.000000','0e694c04-8250-404f-8b32-769702c52e69','267d0560-45db-4ca1-9e9d-96eae1c483e7'),('9a7b98f3-2bc5-40c8-bbf5-709dd7469212','2024-01-19 05:56:48.067542','2024-01-19 05:56:48.067542',NULL,667300,'2023-08-24 14:59:08.000000','9692a73c-c87d-4f51-b1b9-7d2111084ffe','267d0560-45db-4ca1-9e9d-96eae1c483e7'),('9b5c392a-d59b-40a2-b8ad-49d7fac49a93','2024-01-19 05:56:47.596205','2024-01-19 05:56:47.596205',NULL,4478000,'2023-02-04 14:59:08.000000','bb836b96-0eff-4194-86ac-8b74b649803e','267d0560-45db-4ca1-9e9d-96eae1c483e7'),('9c02a525-9ad3-4b5f-89d2-28215611afca','2024-01-19 05:56:48.011976','2024-01-19 05:56:48.011976',NULL,3630700,'2023-07-28 14:59:08.000000','6d2f1a4e-a47a-4e0c-8f57-bbc3af2fd5b6','789b7485-e0ff-40c5-8919-661d0f0bd8da'),('9c66d732-3d4e-44e6-80cb-cd4ae30f9964','2024-01-19 05:56:48.026763','2024-01-19 05:56:48.026763',NULL,304900,'2023-08-04 14:59:08.000000','4b4b0e07-95a9-4f7f-9d18-3ea87f6fdffc','789b7485-e0ff-40c5-8919-661d0f0bd8da'),('9c6780e1-fb01-4f6e-b058-e4e4cdd0e8a8','2024-01-19 05:56:48.194594','2024-01-19 05:56:48.194594',NULL,4000400,'2023-10-25 14:59:08.000000','e46f171b-b50e-47ba-9f15-575149d62772','267d0560-45db-4ca1-9e9d-96eae1c483e7'),('9c719bc4-cfce-4735-aa4a-e093006aa828','2024-01-19 05:56:48.118165','2024-01-19 05:56:48.118165',NULL,475000,'2023-09-21 14:59:08.000000','edcc6825-49cb-4b89-aab0-2dc7f372fb86','789b7485-e0ff-40c5-8919-661d0f0bd8da'),('9ca5536b-0c4f-4e97-9820-cc1a86481b9f','2024-01-19 05:56:48.300297','2024-01-19 05:56:48.300297',NULL,1596600,'2023-11-30 14:59:08.000000','0875b44f-28fa-4322-bb51-b7043108b638','267d0560-45db-4ca1-9e9d-96eae1c483e7'),('9cb46ea4-171c-4fbd-aa53-3f6c69df5d93','2024-01-19 05:56:47.618726','2024-01-19 05:56:47.618726',NULL,1656000,'2023-02-11 14:59:08.000000','51b2e151-da5e-4743-800e-723fec04076e','267d0560-45db-4ca1-9e9d-96eae1c483e7'),('9d2f3150-3115-4c34-8b88-ead2f8f5e312','2024-01-19 05:56:47.826651','2024-01-19 05:56:47.826651',NULL,4293400,'2023-05-21 14:59:08.000000','2331faae-2959-4d71-8ee5-432e0ecf2618','267d0560-45db-4ca1-9e9d-96eae1c483e7'),('9d39c4c4-63c1-4a3b-a090-1543c8be24e2','2024-01-19 05:56:47.894951','2024-01-19 05:56:47.894951',NULL,3697500,'2023-06-09 14:59:08.000000','2210e1c2-519c-48e2-af1a-49531cdf7585','789b7485-e0ff-40c5-8919-661d0f0bd8da'),('9d793eb6-26e7-4c8b-b0dc-410961300378','2024-01-19 05:56:47.963564','2024-01-19 05:56:47.963564',NULL,1282200,'2023-06-30 14:59:08.000000','64c3ca5a-54d4-4a3e-9db2-07205e0dd7a3','789b7485-e0ff-40c5-8919-661d0f0bd8da'),('9dec154d-e186-4add-947a-1ad3595a0274','2024-01-19 05:56:47.692564','2024-01-19 05:56:47.692564',NULL,4093800,'2023-03-19 14:59:08.000000','7bbbe3be-8354-44c4-bd7f-740d11b75262','267d0560-45db-4ca1-9e9d-96eae1c483e7'),('9e119c0c-a8d4-4efd-b203-d5efbe4a522a','2024-01-19 05:56:47.744097','2024-01-19 05:56:47.744097',NULL,2217100,'2023-04-15 14:59:08.000000','55151100-282e-4a75-8f99-53b5af7968d9','789b7485-e0ff-40c5-8919-661d0f0bd8da'),('9e294d5b-13d3-4eea-98e2-c07496794d36','2024-01-19 05:56:48.185942','2024-01-19 05:56:48.185942',NULL,3903500,'2023-10-21 14:59:08.000000','0875b44f-28fa-4322-bb51-b7043108b638','267d0560-45db-4ca1-9e9d-96eae1c483e7'),('9e29524b-f9f2-4d4b-9a66-ed39c431c870','2024-01-19 05:56:47.911385','2024-01-19 05:56:47.911385',NULL,851100,'2023-06-16 14:59:08.000000','7bbbe3be-8354-44c4-bd7f-740d11b75262','267d0560-45db-4ca1-9e9d-96eae1c483e7'),('9e41630b-bd16-4ce5-8a16-3fcb886d2546','2024-01-19 05:56:47.755022','2024-01-19 05:56:47.755022',NULL,736300,'2023-04-21 14:59:08.000000','51b2e151-da5e-4743-800e-723fec04076e','789b7485-e0ff-40c5-8919-661d0f0bd8da'),('9f40c51c-415a-4cd7-b4cd-43e0784ccb22','2024-01-19 05:56:48.287302','2024-01-19 05:56:48.287302',NULL,3429000,'2023-11-23 14:59:08.000000','4b4b0e07-95a9-4f7f-9d18-3ea87f6fdffc','267d0560-45db-4ca1-9e9d-96eae1c483e7'),('9f616a62-1151-4bbb-87d5-afcabc4cb7e9','2024-01-19 05:56:47.660825','2024-01-19 05:56:47.660825',NULL,2004500,'2023-03-04 14:59:08.000000','dcf6c92f-caeb-4fe8-94be-283032cf2213','267d0560-45db-4ca1-9e9d-96eae1c483e7'),('9f723dca-b1f3-4bc3-9b3a-2da041fc53dd','2024-01-19 05:56:47.993932','2024-01-19 05:56:47.993932',NULL,2164400,'2023-07-14 14:59:08.000000','3ca2c403-ce53-4ee4-b3a2-91a2f41826f8','267d0560-45db-4ca1-9e9d-96eae1c483e7'),('9fa8553e-b552-47e9-9ecd-d3adbc2f2cb6','2024-01-19 05:56:47.734092','2024-01-19 05:56:47.734092',NULL,3642900,'2023-04-11 14:59:08.000000','34fbac25-9ac0-4d00-aa2b-8b37dfd6fed2','789b7485-e0ff-40c5-8919-661d0f0bd8da'),('9fc9bbd5-f3bc-4a13-8c6e-bf8658401dc2','2024-01-19 05:56:48.258376','2024-01-19 05:56:48.258376',NULL,1150000,'2023-11-07 14:59:08.000000','d683c509-bda4-4997-877e-6e099df05542','789b7485-e0ff-40c5-8919-661d0f0bd8da'),('9fd143dd-8beb-40cb-9032-9e266c5e2484','2024-01-19 05:56:47.621119','2024-01-19 05:56:47.621119',NULL,2001900,'2023-02-12 14:59:08.000000','d97afe64-a2ca-41f8-8c2a-745489adb40e','789b7485-e0ff-40c5-8919-661d0f0bd8da'),('9ff52adf-7ed7-44a0-871a-0c1a9dfa1e79','2024-01-19 05:56:47.828811','2024-01-19 05:56:47.828811',NULL,2304700,'2023-05-21 14:59:08.000000','032f81ca-2f18-4830-a4a0-eba888d2023a','789b7485-e0ff-40c5-8919-661d0f0bd8da'),('9ffc7a49-2b12-4a91-a823-ed96a3bf28a2','2024-01-19 05:56:48.007249','2024-01-19 05:56:48.007249',NULL,3975100,'2023-07-25 14:59:08.000000','b4ffd3b4-713e-4d67-bd0f-f18940ac7cbc','267d0560-45db-4ca1-9e9d-96eae1c483e7'),('a003fd95-f649-4bfa-9e5d-ac95d4a17edb','2024-01-19 05:56:48.001153','2024-01-19 05:56:48.001153',NULL,673400,'2023-07-21 14:59:08.000000','d683c509-bda4-4997-877e-6e099df05542','267d0560-45db-4ca1-9e9d-96eae1c483e7'),('a03897c6-6177-445b-8f32-4f66b48a0d9b','2024-01-19 05:56:48.327296','2024-01-19 05:56:48.327296',NULL,4182400,'2023-12-13 14:59:08.000000','6fd6db3b-a515-4ec9-8dd9-1f4702154c88','789b7485-e0ff-40c5-8919-661d0f0bd8da'),('a03cb163-d361-4cc5-9c75-5be65d0d9d8e','2024-01-19 05:56:48.122222','2024-01-19 05:56:48.122222',NULL,3550900,'2023-09-23 14:59:08.000000','55151100-282e-4a75-8f99-53b5af7968d9','789b7485-e0ff-40c5-8919-661d0f0bd8da'),('a11d9ee2-87e0-4bb6-af94-4e569fd49986','2024-01-19 05:56:48.223318','2024-01-19 05:56:48.223318',NULL,899700,'2023-10-29 14:59:08.000000','e46f171b-b50e-47ba-9f15-575149d62772','267d0560-45db-4ca1-9e9d-96eae1c483e7'),('a11f502f-7702-4ce2-a4e0-d4350bc6e61b','2024-01-19 05:56:47.716166','2024-01-19 05:56:47.716166',NULL,4339900,'2023-04-02 14:59:08.000000','6b9e1d80-63b9-4810-b249-ea1549704832','789b7485-e0ff-40c5-8919-661d0f0bd8da'),('a12b039e-774e-42f7-89f2-cf410d2ce961','2024-01-19 05:56:47.525494','2024-01-19 05:56:47.525494',NULL,3689700,'2023-01-04 14:59:08.000000','ac305234-15db-4320-a504-cd2997399b73','789b7485-e0ff-40c5-8919-661d0f0bd8da'),('a1720414-1c43-4001-b1f6-12ee7ca8095e','2024-01-19 05:56:47.884716','2024-01-19 05:56:47.884716',NULL,2984700,'2023-06-03 14:59:08.000000','ff85e6bd-1815-4628-aa37-c3943c810d25','789b7485-e0ff-40c5-8919-661d0f0bd8da'),('a197e325-f998-4b73-8571-69199356dec1','2024-01-19 05:56:48.243545','2024-01-19 05:56:48.243545',NULL,3785500,'2023-10-31 14:59:08.000000','2b659158-8e8d-4bb7-8246-d2b2718d60ca','789b7485-e0ff-40c5-8919-661d0f0bd8da'),('a1a7dc22-72fd-40c2-880b-f040e78c5d82','2024-01-19 05:56:48.122995','2024-01-19 05:56:48.122995',NULL,4119900,'2023-09-23 14:59:08.000000','906f787c-c86e-4051-b9d7-a75a7fdc98b2','789b7485-e0ff-40c5-8919-661d0f0bd8da'),('a1b4de96-5987-49b7-9e43-11d127809b35','2024-01-19 05:56:47.895646','2024-01-19 05:56:47.895646',NULL,3930700,'2023-06-09 14:59:08.000000','b4ffd3b4-713e-4d67-bd0f-f18940ac7cbc','789b7485-e0ff-40c5-8919-661d0f0bd8da'),('a1b59261-56f0-48db-944d-32c7ceb079dc','2024-01-19 05:56:47.940200','2024-01-19 05:56:47.940200',NULL,933100,'2023-06-27 14:59:08.000000','bef4fdba-90ee-4450-9560-2e25eec0348c','789b7485-e0ff-40c5-8919-661d0f0bd8da'),('a1f3a9e9-5263-4873-85cf-8572f8c5fe34','2024-01-19 05:56:48.107560','2024-01-19 05:56:48.107560',NULL,2005300,'2023-09-17 14:59:08.000000','b4ffd3b4-713e-4d67-bd0f-f18940ac7cbc','267d0560-45db-4ca1-9e9d-96eae1c483e7'),('a1f88fde-ea4f-4540-834a-0b548ecebb29','2024-01-19 05:56:47.873129','2024-01-19 05:56:47.873129',NULL,4504800,'2023-06-01 14:59:08.000000','0e694c04-8250-404f-8b32-769702c52e69','789b7485-e0ff-40c5-8919-661d0f0bd8da'),('a23258d4-6d80-481d-aedf-db4a54ad04d9','2024-01-19 05:56:48.333012','2024-01-19 05:56:48.333012',NULL,601700,'2023-12-18 14:59:08.000000','40bce365-c6e9-47a4-8877-622cfa07ce18','267d0560-45db-4ca1-9e9d-96eae1c483e7'),('a2f4aa95-b189-46df-8faf-54cf62c3cc63','2024-01-19 05:56:47.792284','2024-01-19 05:56:47.792284',NULL,135400,'2023-05-10 14:59:08.000000','8d4d07bf-e484-40c2-a470-01ac4f118ecd','789b7485-e0ff-40c5-8919-661d0f0bd8da'),('a2fbfe62-4622-417b-8909-e5208c69ec47','2024-01-19 05:56:48.124400','2024-01-19 05:56:48.124400',NULL,3371100,'2023-09-23 14:59:08.000000','e5a432a5-96ad-4efd-8391-7cbdae2aa356','267d0560-45db-4ca1-9e9d-96eae1c483e7'),('a30995b0-20b3-44e3-8bd7-a8e4c3aabaa2','2024-01-19 05:56:47.609537','2024-01-19 05:56:47.609537',NULL,2619700,'2023-02-08 14:59:08.000000','b7294ac0-dd79-4746-a20b-52ca898f1428','267d0560-45db-4ca1-9e9d-96eae1c483e7'),('a3253f81-0ccb-4e62-89d4-0120beabcc35','2024-01-19 05:56:48.015932','2024-01-19 05:56:48.015932',NULL,2281900,'2023-07-30 14:59:08.000000','0e45ba47-808f-41a4-9323-65d5b90cfefd','267d0560-45db-4ca1-9e9d-96eae1c483e7'),('a40686d3-9c96-4589-8050-fdef3378285c','2024-01-19 05:56:48.196489','2024-01-19 05:56:48.196489',NULL,1212400,'2023-10-26 14:59:08.000000','6fd6db3b-a515-4ec9-8dd9-1f4702154c88','789b7485-e0ff-40c5-8919-661d0f0bd8da'),('a412a802-5dfb-4172-aa9f-42528205c9ec','2024-01-19 05:56:47.642782','2024-01-19 05:56:47.642782',NULL,1809200,'2023-02-26 14:59:08.000000','0e694c04-8250-404f-8b32-769702c52e69','789b7485-e0ff-40c5-8919-661d0f0bd8da'),('a4166e3d-7618-489a-962e-23a88ac496fc','2024-01-19 05:56:47.653533','2024-01-19 05:56:47.653533',NULL,1277800,'2023-03-01 14:59:08.000000','0e694c04-8250-404f-8b32-769702c52e69','267d0560-45db-4ca1-9e9d-96eae1c483e7'),('a43d64ff-f87c-4eea-9600-d4dc81e5e661','2024-01-19 05:56:48.205581','2024-01-19 05:56:48.205581',NULL,2753500,'2023-10-27 14:59:08.000000','20a920bf-dbc7-4c2b-84c8-d5e828395364','267d0560-45db-4ca1-9e9d-96eae1c483e7'),('a48f8b51-2705-4a14-a5a6-268a4370f7c4','2024-01-19 05:56:47.888532','2024-01-19 05:56:47.888532',NULL,1377700,'2023-06-06 14:59:08.000000','9af49e8d-dda1-4639-afd2-4c6d1e45e415','789b7485-e0ff-40c5-8919-661d0f0bd8da'),('a49276e0-2a31-4ade-bed0-d9bb909d41d3','2024-01-19 05:56:47.824630','2024-01-19 05:56:47.824630',NULL,667000,'2023-05-20 14:59:08.000000','44ab16dc-9c86-4a5d-839a-e1f30bbbccb6','789b7485-e0ff-40c5-8919-661d0f0bd8da'),('a55a0061-685f-415a-8a40-0368a5f8e48d','2024-01-19 05:56:47.855024','2024-01-19 05:56:47.855024',NULL,4385500,'2023-05-25 14:59:08.000000','bef4fdba-90ee-4450-9560-2e25eec0348c','267d0560-45db-4ca1-9e9d-96eae1c483e7'),('a570738d-50eb-46a1-8a74-dfd0ccfa6e10','2024-01-19 05:56:47.994452','2024-01-19 05:56:47.994452',NULL,3355500,'2023-07-14 14:59:08.000000','414a1d1e-53c5-49d1-a043-2f43c9c4d693','789b7485-e0ff-40c5-8919-661d0f0bd8da'),('a5bb5cc8-f25d-4b4e-9b27-8757ed6cbfdd','2024-01-19 05:56:48.077983','2024-01-19 05:56:48.077983',NULL,1823100,'2023-08-28 14:59:08.000000','06928d73-5ab2-41e6-ac65-97bc25032c90','267d0560-45db-4ca1-9e9d-96eae1c483e7'),('a5c4d467-7159-47e8-b916-6d20aa9cf2c3','2024-01-19 05:56:47.724017','2024-01-19 05:56:47.724017',NULL,2837600,'2023-04-07 14:59:08.000000','8376c502-887e-4132-9e26-6e1409650ca6','789b7485-e0ff-40c5-8919-661d0f0bd8da'),('a5f2eea7-e781-4a8a-8fbb-07a181d5df6b','2024-01-19 05:56:47.680811','2024-01-19 05:56:47.680811',NULL,3564900,'2023-03-12 14:59:08.000000','2e5b3100-95ab-46e0-af39-fe0228f404c7','267d0560-45db-4ca1-9e9d-96eae1c483e7'),('a60a90b8-7a62-4e0e-988e-0b9460051c7d','2024-01-19 05:56:47.772487','2024-01-19 05:56:47.772487',NULL,3679100,'2023-05-02 14:59:08.000000','2c17f922-58e5-41c2-b53e-0dc710248d26','267d0560-45db-4ca1-9e9d-96eae1c483e7'),('a61a4ce1-c0f2-4d24-91e9-d7ecd8edb518','2024-01-19 05:56:48.254766','2024-01-19 05:56:48.254766',NULL,2640400,'2023-11-05 14:59:08.000000','026cfdf3-d7ee-4b25-84ab-e1bcd185de52','267d0560-45db-4ca1-9e9d-96eae1c483e7'),('a66026fb-0d46-4aac-bf86-794d48156939','2024-01-19 05:56:48.141547','2024-01-19 05:56:48.141547',NULL,1242900,'2023-09-30 14:59:08.000000','56970467-43f1-46f7-9d4d-2fa8527972ec','789b7485-e0ff-40c5-8919-661d0f0bd8da'),('a67b37df-f114-4cdd-9bf7-c259767e4d95','2024-01-19 05:56:47.735416','2024-01-19 05:56:47.735416',NULL,3590900,'2023-04-11 14:59:08.000000','d683c509-bda4-4997-877e-6e099df05542','789b7485-e0ff-40c5-8919-661d0f0bd8da'),('a6a5e0e1-14c3-4821-a318-46d8433fbf80','2024-01-19 05:56:47.704741','2024-01-19 05:56:47.704741',NULL,3063900,'2023-03-24 14:59:08.000000','36f069f8-6737-4c58-b967-720e2c324708','267d0560-45db-4ca1-9e9d-96eae1c483e7'),('a71ad645-c2ce-442f-9d38-101a275ee294','2024-01-19 05:56:48.266375','2024-01-19 05:56:48.266375',NULL,4727800,'2023-11-12 14:59:08.000000','6b9e1d80-63b9-4810-b249-ea1549704832','789b7485-e0ff-40c5-8919-661d0f0bd8da'),('a72e5f81-3a50-4436-be1b-79ee8c044804','2024-01-19 05:56:47.664540','2024-01-19 05:56:47.664540',NULL,4543700,'2023-03-08 14:59:08.000000','2b659158-8e8d-4bb7-8246-d2b2718d60ca','267d0560-45db-4ca1-9e9d-96eae1c483e7'),('a75264a4-41d7-4785-a312-6e78976bdb6a','2024-01-19 05:56:47.779674','2024-01-19 05:56:47.779674',NULL,1410200,'2023-05-05 14:59:08.000000','3a47f4bd-8271-41ec-8202-20a55565c4b3','267d0560-45db-4ca1-9e9d-96eae1c483e7'),('a754150a-e308-475b-84d8-7754a66c32f9','2024-01-19 05:56:47.984078','2024-01-19 05:56:47.984078',NULL,3683700,'2023-07-11 14:59:08.000000','ac305234-15db-4320-a504-cd2997399b73','267d0560-45db-4ca1-9e9d-96eae1c483e7'),('a77668bd-0255-4db7-8974-634d7429361a','2024-01-19 05:56:47.793724','2024-01-19 05:56:47.793724',NULL,4458100,'2023-05-10 14:59:08.000000','fa9d2517-21cb-4b41-aa79-83b653a7c89b','789b7485-e0ff-40c5-8919-661d0f0bd8da'),('a79f4903-6e93-4ef1-8fda-65ada4a8db36','2024-01-19 05:56:47.594524','2024-01-19 05:56:47.594524',NULL,2564200,'2023-02-04 14:59:08.000000','6b5eee88-ae75-4626-b23b-8297040a0dd7','789b7485-e0ff-40c5-8919-661d0f0bd8da'),('a8e78443-a44d-4113-8010-8d0069eece99','2024-01-19 05:56:48.362093','2024-01-19 05:56:48.362093',NULL,3247400,'2023-12-27 14:59:08.000000','c7574005-744d-43a6-9ceb-b4230f603441','789b7485-e0ff-40c5-8919-661d0f0bd8da'),('a93b6bd6-0c0d-4e54-ab5d-08ca7aae2ea6','2024-01-19 05:56:47.806115','2024-01-19 05:56:47.806115',NULL,190500,'2023-05-17 14:59:08.000000','0e694c04-8250-404f-8b32-769702c52e69','267d0560-45db-4ca1-9e9d-96eae1c483e7'),('a986bf16-a3c6-494d-bdb8-d17d766105bd','2024-01-19 05:56:48.195280','2024-01-19 05:56:48.195280',NULL,424000,'2023-10-26 14:59:08.000000','9692a73c-c87d-4f51-b1b9-7d2111084ffe','267d0560-45db-4ca1-9e9d-96eae1c483e7'),('a9b07ebf-66e1-4f6a-bce8-b7dc2cd89934','2024-01-19 05:56:48.156956','2024-01-19 05:56:48.156956',NULL,4016900,'2023-10-10 14:59:08.000000','0e694c04-8250-404f-8b32-769702c52e69','267d0560-45db-4ca1-9e9d-96eae1c483e7'),('a9c2108d-fd3b-43b5-8810-d10f2a930782','2024-01-19 05:56:48.075065','2024-01-19 05:56:48.075065',NULL,1928400,'2023-08-27 14:59:08.000000','880ccb67-8061-4756-bbb8-bf4033660133','267d0560-45db-4ca1-9e9d-96eae1c483e7'),('a9d5aae3-1230-4f8a-bfc1-80a83e74852e','2024-01-19 05:56:47.741718','2024-01-19 05:56:47.741718',NULL,2215500,'2023-04-13 14:59:08.000000','4b6bf3e2-fdfd-4695-b2de-5abfa681aef6','267d0560-45db-4ca1-9e9d-96eae1c483e7'),('a9d64808-2745-41a8-805b-1fd8f5719f2e','2024-01-19 05:56:48.290029','2024-01-19 05:56:48.290029',NULL,503200,'2023-11-24 14:59:08.000000','c68f0628-ace5-425f-8363-b12d33313b7a','267d0560-45db-4ca1-9e9d-96eae1c483e7'),('a9df9fb8-b79d-4bf7-bba8-407e34dde45f','2024-01-19 05:56:48.088947','2024-01-19 05:56:48.088947',NULL,3274500,'2023-09-04 14:59:08.000000','ac305234-15db-4320-a504-cd2997399b73','789b7485-e0ff-40c5-8919-661d0f0bd8da'),('a9fab4c2-a186-4f06-a333-4cafc1198574','2024-01-19 05:56:48.317975','2024-01-19 05:56:48.317975',NULL,4289500,'2023-12-09 14:59:08.000000','2210e1c2-519c-48e2-af1a-49531cdf7585','267d0560-45db-4ca1-9e9d-96eae1c483e7'),('aa1407cd-5f47-4710-bc51-9bfb1dba960c','2024-01-19 05:56:47.866003','2024-01-19 05:56:47.866003',NULL,2136700,'2023-05-29 14:59:08.000000','63dc3d8a-0b5a-420e-b1e6-5deb0f7aa478','789b7485-e0ff-40c5-8919-661d0f0bd8da'),('aa53b637-bc5e-4c3d-b567-bd4a098637a5','2024-01-19 05:56:48.285312','2024-01-19 05:56:48.285312',NULL,1122400,'2023-11-22 14:59:08.000000','9692a73c-c87d-4f51-b1b9-7d2111084ffe','267d0560-45db-4ca1-9e9d-96eae1c483e7'),('aaa01ee8-38ea-4ebe-b2d9-c3f3460f1ab0','2024-01-19 05:56:48.328276','2024-01-19 05:56:48.328276',NULL,4097600,'2023-12-13 14:59:08.000000','d77ee9cb-3588-40e7-9c81-8015f463be43','267d0560-45db-4ca1-9e9d-96eae1c483e7'),('aabb0af7-7485-4dd9-9952-2984dd44ccba','2024-01-19 05:56:48.280501','2024-01-19 05:56:48.280501',NULL,2404200,'2023-11-19 14:59:08.000000','26bda858-fc75-4d51-ae0b-f382d802b05a','789b7485-e0ff-40c5-8919-661d0f0bd8da'),('aabc550e-f973-4972-9fe7-7697455856ba','2024-01-19 05:56:48.039951','2024-01-19 05:56:48.039951',NULL,4029700,'2023-08-10 14:59:08.000000','6d2f1a4e-a47a-4e0c-8f57-bbc3af2fd5b6','267d0560-45db-4ca1-9e9d-96eae1c483e7'),('aade74e8-fa37-4b78-bbd9-e9db6c13da68','2024-01-19 05:56:47.674589','2024-01-19 05:56:47.674589',NULL,1793900,'2023-03-10 14:59:08.000000','47170f0c-eee8-4ac5-adad-b3926ca275b6','789b7485-e0ff-40c5-8919-661d0f0bd8da'),('ab7e5ef2-4b70-41da-9718-2d72994d81d4','2024-01-19 05:56:47.561620','2024-01-19 05:56:47.561620',NULL,1032200,'2023-01-21 14:59:08.000000','7030b222-f534-4af4-bc34-eb5d74e9e5eb','789b7485-e0ff-40c5-8919-661d0f0bd8da'),('aba4f8b3-04f5-4802-a61d-34666f226e54','2024-01-19 05:56:47.914110','2024-01-19 05:56:47.914110',NULL,2728200,'2023-06-16 14:59:08.000000','3ca2c403-ce53-4ee4-b3a2-91a2f41826f8','789b7485-e0ff-40c5-8919-661d0f0bd8da'),('abb6cc7b-a519-4998-b106-fcc85b50f6dd','2024-01-19 05:56:47.794602','2024-01-19 05:56:47.794602',NULL,1922400,'2023-05-11 14:59:08.000000','ff85e6bd-1815-4628-aa37-c3943c810d25','789b7485-e0ff-40c5-8919-661d0f0bd8da'),('ac2bca2e-9318-429b-bc9c-676dec259edb','2024-01-19 05:56:48.347746','2024-01-19 05:56:48.347746',NULL,4690700,'2023-12-22 14:59:08.000000','40bce365-c6e9-47a4-8877-622cfa07ce18','789b7485-e0ff-40c5-8919-661d0f0bd8da'),('ac2f1b02-e8e0-4097-bada-4aa0ed34974c','2024-01-19 05:56:47.986632','2024-01-19 05:56:47.986632',NULL,777000,'2023-07-12 14:59:08.000000','34fbac25-9ac0-4d00-aa2b-8b37dfd6fed2','267d0560-45db-4ca1-9e9d-96eae1c483e7'),('ac321133-3b33-466b-bd55-222d0cd2ba77','2024-01-19 05:56:47.637950','2024-01-19 05:56:47.637950',NULL,1473700,'2023-02-23 14:59:08.000000','8d4d07bf-e484-40c2-a470-01ac4f118ecd','789b7485-e0ff-40c5-8919-661d0f0bd8da'),('ac3c2b27-8396-4024-b50d-f0ccf1de1ca0','2024-01-19 05:56:47.699255','2024-01-19 05:56:47.699255',NULL,851000,'2023-03-23 14:59:08.000000','e5a432a5-96ad-4efd-8391-7cbdae2aa356','267d0560-45db-4ca1-9e9d-96eae1c483e7'),('ac77ca5d-6103-4c5c-a9c8-20f02b352217','2024-01-19 05:56:47.563969','2024-01-19 05:56:47.563969',NULL,666600,'2023-01-21 14:59:08.000000','4b4b0e07-95a9-4f7f-9d18-3ea87f6fdffc','789b7485-e0ff-40c5-8919-661d0f0bd8da'),('acfc00e9-3097-4158-8b8b-ea3f66c17f55','2024-01-19 05:56:48.328888','2024-01-19 05:56:48.328888',NULL,3964500,'2023-12-14 14:59:08.000000','880ccb67-8061-4756-bbb8-bf4033660133','267d0560-45db-4ca1-9e9d-96eae1c483e7'),('ad184252-58ca-417b-92c0-7f0dfc2a301d','2024-01-19 05:56:47.655770','2024-01-19 05:56:47.655770',NULL,1403000,'2023-03-02 14:59:08.000000','d97afe64-a2ca-41f8-8c2a-745489adb40e','267d0560-45db-4ca1-9e9d-96eae1c483e7'),('ad20fc71-5b3b-41ae-9662-935b3d864a30','2024-01-19 05:56:48.190427','2024-01-19 05:56:48.190427',NULL,265100,'2023-10-24 14:59:08.000000','e46f171b-b50e-47ba-9f15-575149d62772','267d0560-45db-4ca1-9e9d-96eae1c483e7'),('ad4472d8-0be4-47b6-a17d-dc3353b3563c','2024-01-19 05:56:47.663016','2024-01-19 05:56:47.663016',NULL,2360400,'2023-03-07 14:59:08.000000','fedaac60-e4d0-4aba-b458-69060ed6cded','267d0560-45db-4ca1-9e9d-96eae1c483e7'),('ad598882-b458-4c53-97e7-ada7af01b9ef','2024-01-19 05:56:47.646508','2024-01-19 05:56:47.646508',NULL,2267900,'2023-02-27 14:59:08.000000','556fd29b-28bf-49c4-8c6e-65f28118f6be','267d0560-45db-4ca1-9e9d-96eae1c483e7'),('ad5b400c-b743-4ebb-9e80-a2095e6fa0a6','2024-01-19 05:56:47.917878','2024-01-19 05:56:47.917878',NULL,2297200,'2023-06-19 14:59:08.000000','d97afe64-a2ca-41f8-8c2a-745489adb40e','789b7485-e0ff-40c5-8919-661d0f0bd8da'),('ad85ad94-5467-4d2e-89db-0a19ce7a725e','2024-01-19 05:56:48.214353','2024-01-19 05:56:48.214353',NULL,717200,'2023-10-28 14:59:08.000000','5f377e37-a646-4ec0-b99d-073346912a33','789b7485-e0ff-40c5-8919-661d0f0bd8da'),('ad868a4b-49cb-4cb7-8e54-ec0847c2bdd1','2024-01-19 05:56:48.363444','2024-01-19 05:56:48.363444',NULL,3988800,'2023-12-27 14:59:08.000000','163c5d26-ffca-4e9f-854d-e1f37ba0361a','267d0560-45db-4ca1-9e9d-96eae1c483e7'),('ada017f7-d568-4e3d-9302-12903b580200','2024-01-19 05:56:47.578571','2024-01-19 05:56:47.578571',NULL,2692300,'2023-01-30 14:59:08.000000','40bce365-c6e9-47a4-8877-622cfa07ce18','789b7485-e0ff-40c5-8919-661d0f0bd8da'),('adb440ae-ed20-42a5-b52b-697333c4d65b','2024-01-19 05:56:48.373326','2024-01-19 05:56:48.373326',NULL,2888200,'2023-12-29 14:59:08.000000','c68f0628-ace5-425f-8363-b12d33313b7a','789b7485-e0ff-40c5-8919-661d0f0bd8da'),('addb0336-1fc4-470a-b2b2-998a27d637f6','2024-01-19 05:56:47.931191','2024-01-19 05:56:47.931191',NULL,2652000,'2023-06-25 14:59:08.000000','55151100-282e-4a75-8f99-53b5af7968d9','267d0560-45db-4ca1-9e9d-96eae1c483e7'),('adfe429c-1a97-4612-87fd-8448a735ef05','2024-01-19 05:56:48.013589','2024-01-19 05:56:48.013589',NULL,1026900,'2023-07-29 14:59:08.000000','ecc8058e-2ab8-405b-9f1c-ca777e8852fa','267d0560-45db-4ca1-9e9d-96eae1c483e7'),('ae10124e-b545-4038-a22f-536315284106','2024-01-19 05:56:47.700695','2024-01-19 05:56:47.700695',NULL,2145800,'2023-03-23 14:59:08.000000','e5a432a5-96ad-4efd-8391-7cbdae2aa356','789b7485-e0ff-40c5-8919-661d0f0bd8da'),('ae6041c0-54c8-4939-8c76-a611483377bc','2024-01-19 05:56:47.981777','2024-01-19 05:56:47.981777',NULL,1996000,'2023-07-09 14:59:08.000000','163c5d26-ffca-4e9f-854d-e1f37ba0361a','267d0560-45db-4ca1-9e9d-96eae1c483e7'),('ae9ded01-ed9b-4d38-95cf-81a55492f908','2024-01-19 05:56:47.589930','2024-01-19 05:56:47.589930',NULL,3278600,'2023-02-02 14:59:08.000000','7bbbe3be-8354-44c4-bd7f-740d11b75262','267d0560-45db-4ca1-9e9d-96eae1c483e7'),('af0599ce-44f6-4c1c-b351-c68513a30b81','2024-01-19 05:56:47.638654','2024-01-19 05:56:47.638654',NULL,1071400,'2023-02-23 14:59:08.000000','b7294ac0-dd79-4746-a20b-52ca898f1428','789b7485-e0ff-40c5-8919-661d0f0bd8da'),('af1f1d0e-a9cb-4736-9728-58c7b6c59124','2024-01-19 05:56:47.910570','2024-01-19 05:56:47.910570',NULL,182600,'2023-06-16 14:59:08.000000','c68f0628-ace5-425f-8363-b12d33313b7a','789b7485-e0ff-40c5-8919-661d0f0bd8da'),('af631290-59bf-4757-b59d-6e8dfc3e4d0d','2024-01-19 05:56:47.801474','2024-01-19 05:56:47.801474',NULL,366300,'2023-05-16 14:59:08.000000','709bd6d1-f421-4967-8880-a85ba6553260','267d0560-45db-4ca1-9e9d-96eae1c483e7'),('afb60abd-a8dd-4bb5-926d-ab4e9875272b','2024-01-19 05:56:47.668775','2024-01-19 05:56:47.668775',NULL,4298400,'2023-03-09 14:59:08.000000','323b2d0f-8a5e-4f2a-9212-dc7c3025908a','267d0560-45db-4ca1-9e9d-96eae1c483e7'),('afb74728-6d26-4deb-bcae-1ab7234d7498','2024-01-19 05:56:48.336439','2024-01-19 05:56:48.336439',NULL,4690900,'2023-12-19 14:59:08.000000','a531b94d-d879-4139-a506-d682bdaf4506','267d0560-45db-4ca1-9e9d-96eae1c483e7'),('aff5a311-6c84-4f10-a1bd-ac22de64bb10','2024-01-19 05:56:47.935717','2024-01-19 05:56:47.935717',NULL,2494400,'2023-06-26 14:59:08.000000','a0bc9191-7b0c-4e50-b715-c35ecb7c9cf8','789b7485-e0ff-40c5-8919-661d0f0bd8da'),('b00c7f6b-27da-40e6-926d-5ab130306984','2024-01-19 05:56:48.053774','2024-01-19 05:56:48.053774',NULL,433400,'2023-08-17 14:59:08.000000','0ab72fa0-66ab-4982-a1f2-d68eef685571','789b7485-e0ff-40c5-8919-661d0f0bd8da'),('b05cc6e6-f21a-4f85-b061-0a2896cc2787','2024-01-19 05:56:47.680089','2024-01-19 05:56:47.680089',NULL,2078900,'2023-03-12 14:59:08.000000','44ab16dc-9c86-4a5d-839a-e1f30bbbccb6','267d0560-45db-4ca1-9e9d-96eae1c483e7'),('b074b073-71ca-49ad-a94d-3012b1ea32d3','2024-01-19 05:56:48.288197','2024-01-19 05:56:48.288197',NULL,2741400,'2023-11-23 14:59:08.000000','bef4fdba-90ee-4450-9560-2e25eec0348c','789b7485-e0ff-40c5-8919-661d0f0bd8da'),('b07d3f84-2465-45e1-a3d4-27c6c5f1d68e','2024-01-19 05:56:48.126964','2024-01-19 05:56:48.126964',NULL,2613600,'2023-09-24 14:59:08.000000','2b659158-8e8d-4bb7-8246-d2b2718d60ca','789b7485-e0ff-40c5-8919-661d0f0bd8da'),('b0854f2b-1f75-4762-9e09-bdd983656c1c','2024-01-19 05:56:47.965211','2024-01-19 05:56:47.965211',NULL,2541700,'2023-07-02 14:59:08.000000','b2f8ad3a-8a36-4e33-9560-720ff67246a4','789b7485-e0ff-40c5-8919-661d0f0bd8da'),('b0c283f1-c391-4e64-a68d-827ec31500ee','2024-01-19 05:56:48.235909','2024-01-19 05:56:48.235909',NULL,325300,'2023-10-29 14:59:08.000000','fedaac60-e4d0-4aba-b458-69060ed6cded','267d0560-45db-4ca1-9e9d-96eae1c483e7'),('b0fbd2ad-bc71-4f21-b019-bf4884a0da5c','2024-01-19 05:56:48.037595','2024-01-19 05:56:48.037595',NULL,2269700,'2023-08-09 14:59:08.000000','b7294ac0-dd79-4746-a20b-52ca898f1428','267d0560-45db-4ca1-9e9d-96eae1c483e7'),('b108ef91-9e3b-4c4a-a6c2-e65f3ee30ad1','2024-01-19 05:56:47.820067','2024-01-19 05:56:47.820067',NULL,3654100,'2023-05-19 14:59:08.000000','556fd29b-28bf-49c4-8c6e-65f28118f6be','267d0560-45db-4ca1-9e9d-96eae1c483e7'),('b11471a0-4a8b-4122-b3af-6fd497b2dfdf','2024-01-19 05:56:47.532608','2024-01-19 05:56:47.532608',NULL,4722600,'2023-01-08 14:59:08.000000','20a920bf-dbc7-4c2b-84c8-d5e828395364','267d0560-45db-4ca1-9e9d-96eae1c483e7'),('b11a9da3-3fdf-4fb8-9a47-2765c1f7183b','2024-01-19 05:56:47.648746','2024-01-19 05:56:47.648746',NULL,2333200,'2023-02-28 14:59:08.000000','c68f0628-ace5-425f-8363-b12d33313b7a','267d0560-45db-4ca1-9e9d-96eae1c483e7'),('b14b4fac-f96d-4da8-9275-7268fd1c5e9c','2024-01-19 05:56:48.120313','2024-01-19 05:56:48.120313',NULL,4299900,'2023-09-22 14:59:08.000000','a531b94d-d879-4139-a506-d682bdaf4506','789b7485-e0ff-40c5-8919-661d0f0bd8da'),('b1cc4155-f274-45e8-ac45-0ecb67c029b8','2024-01-19 05:56:47.534681','2024-01-19 05:56:47.534681',NULL,1320300,'2023-01-09 14:59:08.000000','4b6bf3e2-fdfd-4695-b2de-5abfa681aef6','789b7485-e0ff-40c5-8919-661d0f0bd8da'),('b23d95bd-7974-4bac-93b5-019802cfe0c4','2024-01-19 05:56:47.773341','2024-01-19 05:56:47.773341',NULL,568700,'2023-05-02 14:59:08.000000','b7294ac0-dd79-4746-a20b-52ca898f1428','789b7485-e0ff-40c5-8919-661d0f0bd8da'),('b2d4f28d-da66-4362-b8d3-a9a72aa9fd17','2024-01-19 05:56:47.556596','2024-01-19 05:56:47.556596',NULL,3635600,'2023-01-18 14:59:08.000000','bb836b96-0eff-4194-86ac-8b74b649803e','267d0560-45db-4ca1-9e9d-96eae1c483e7'),('b2dd0041-a553-4b55-880a-9cbce1cbadee','2024-01-19 05:56:47.619683','2024-01-19 05:56:47.619683',NULL,1419300,'2023-02-11 14:59:08.000000','032f81ca-2f18-4830-a4a0-eba888d2023a','267d0560-45db-4ca1-9e9d-96eae1c483e7'),('b2f32ec4-3f49-44bb-b9f0-419641e3a5fa','2024-01-19 05:56:48.058909','2024-01-19 05:56:48.058909',NULL,2428700,'2023-08-20 14:59:08.000000','b2f8ad3a-8a36-4e33-9560-720ff67246a4','267d0560-45db-4ca1-9e9d-96eae1c483e7'),('b2fd9eae-9ba7-4c00-9a2a-c5110245e211','2024-01-19 05:56:48.100333','2024-01-19 05:56:48.100333',NULL,300300,'2023-09-12 14:59:08.000000','40bce365-c6e9-47a4-8877-622cfa07ce18','267d0560-45db-4ca1-9e9d-96eae1c483e7'),('b317c9e3-dfd3-4035-9f3b-8fa10b9bc709','2024-01-19 05:56:48.274629','2024-01-19 05:56:48.274629',NULL,574900,'2023-11-15 14:59:08.000000','d683c509-bda4-4997-877e-6e099df05542','267d0560-45db-4ca1-9e9d-96eae1c483e7'),('b35f963f-2feb-4814-bcb3-9547f076c8c9','2024-01-19 05:56:47.958049','2024-01-19 05:56:47.958049',NULL,2416800,'2023-06-29 14:59:08.000000','bb836b96-0eff-4194-86ac-8b74b649803e','789b7485-e0ff-40c5-8919-661d0f0bd8da'),('b36ee0c5-7dfc-4dfb-9fac-de06c67fb14b','2024-01-19 05:56:47.622661','2024-01-19 05:56:47.622661',NULL,4630400,'2023-02-12 14:59:08.000000','709bd6d1-f421-4967-8880-a85ba6553260','267d0560-45db-4ca1-9e9d-96eae1c483e7'),('b3818e08-fedc-4a55-9fc2-67fd947a7de5','2024-01-19 05:56:47.927337','2024-01-19 05:56:47.927337',NULL,4094200,'2023-06-23 14:59:08.000000','084e5b27-e4b0-48f7-8569-76b7a3c5ff6f','789b7485-e0ff-40c5-8919-661d0f0bd8da'),('b3f6afe5-9f43-436e-a7cf-1daac13bff2e','2024-01-19 05:56:48.320687','2024-01-19 05:56:48.320687',NULL,2590100,'2023-12-10 14:59:08.000000','bef4fdba-90ee-4450-9560-2e25eec0348c','789b7485-e0ff-40c5-8919-661d0f0bd8da'),('b4177908-b9b2-4a23-83fc-925ddb99a1e2','2024-01-19 05:56:47.906913','2024-01-19 05:56:47.906913',NULL,4254000,'2023-06-14 14:59:08.000000','44ab16dc-9c86-4a5d-839a-e1f30bbbccb6','267d0560-45db-4ca1-9e9d-96eae1c483e7'),('b440328d-45e1-4c33-856c-b50890356570','2024-01-19 05:56:47.738826','2024-01-19 05:56:47.738826',NULL,1676300,'2023-04-12 14:59:08.000000','9af49e8d-dda1-4639-afd2-4c6d1e45e415','267d0560-45db-4ca1-9e9d-96eae1c483e7'),('b452c9e9-f045-464a-9f1f-4576c062acf1','2024-01-19 05:56:48.286015','2024-01-19 05:56:48.286015',NULL,3528500,'2023-11-22 14:59:08.000000','0e694c04-8250-404f-8b32-769702c52e69','267d0560-45db-4ca1-9e9d-96eae1c483e7'),('b48abfeb-6336-46fc-9725-349095a82c95','2024-01-19 05:56:48.010393','2024-01-19 05:56:48.010393',NULL,2327100,'2023-07-28 14:59:08.000000','d683c509-bda4-4997-877e-6e099df05542','267d0560-45db-4ca1-9e9d-96eae1c483e7'),('b4b0c77a-e713-4006-87ba-8d398a960cfb','2024-01-19 05:56:48.165102','2024-01-19 05:56:48.165102',NULL,4890200,'2023-10-13 14:59:08.000000','4b4b0e07-95a9-4f7f-9d18-3ea87f6fdffc','789b7485-e0ff-40c5-8919-661d0f0bd8da'),('b4e99234-48bf-4428-9e23-fc822d53bc53','2024-01-19 05:56:48.063534','2024-01-19 05:56:48.063534',NULL,1561900,'2023-08-21 14:59:08.000000','dcf6c92f-caeb-4fe8-94be-283032cf2213','267d0560-45db-4ca1-9e9d-96eae1c483e7'),('b4fe9257-27ff-4cc8-8363-b345846ccb8b','2024-01-19 05:56:48.102015','2024-01-19 05:56:48.102015',NULL,4269000,'2023-09-14 14:59:08.000000','e46f171b-b50e-47ba-9f15-575149d62772','789b7485-e0ff-40c5-8919-661d0f0bd8da'),('b5c155a9-1414-47b6-bd6d-da3dd7e58911','2024-01-19 05:56:47.771847','2024-01-19 05:56:47.771847',NULL,4243100,'2023-05-02 14:59:08.000000','6d2f1a4e-a47a-4e0c-8f57-bbc3af2fd5b6','789b7485-e0ff-40c5-8919-661d0f0bd8da'),('b60ed298-b5e8-4256-b899-ea824bae0f3f','2024-01-19 05:56:47.781908','2024-01-19 05:56:47.781908',NULL,2400900,'2023-05-06 14:59:08.000000','6b5eee88-ae75-4626-b23b-8297040a0dd7','267d0560-45db-4ca1-9e9d-96eae1c483e7'),('b645b64f-7489-49b3-92f4-bc9326b8da6c','2024-01-19 05:56:48.279586','2024-01-19 05:56:48.279586',NULL,863300,'2023-11-18 14:59:08.000000','0ab72fa0-66ab-4982-a1f2-d68eef685571','267d0560-45db-4ca1-9e9d-96eae1c483e7'),('b65e17f3-5495-4d2f-b7ba-6c711fa3c55d','2024-01-19 05:56:47.576187','2024-01-19 05:56:47.576187',NULL,2308400,'2023-01-27 14:59:08.000000','c7574005-744d-43a6-9ceb-b4230f603441','267d0560-45db-4ca1-9e9d-96eae1c483e7'),('b681860b-be54-4309-88f7-2e1c1884acfd','2024-01-19 05:56:47.570879','2024-01-19 05:56:47.570879',NULL,2160600,'2023-01-24 14:59:08.000000','6b9e1d80-63b9-4810-b249-ea1549704832','789b7485-e0ff-40c5-8919-661d0f0bd8da'),('b688ed78-65df-486d-91b8-d48b1a9e5106','2024-01-19 05:56:48.324137','2024-01-19 05:56:48.324137',NULL,3174100,'2023-12-13 14:59:08.000000','b4ffd3b4-713e-4d67-bd0f-f18940ac7cbc','789b7485-e0ff-40c5-8919-661d0f0bd8da'),('b699e462-0944-4898-9099-c4bcf5c6c3d5','2024-01-19 05:56:47.925961','2024-01-19 05:56:47.925961',NULL,1904100,'2023-06-23 14:59:08.000000','3384a0f8-300a-43b1-85f9-1962fb11fc58','267d0560-45db-4ca1-9e9d-96eae1c483e7'),('b6b688f1-854e-46cc-b072-be5c9b9217d2','2024-01-19 05:56:47.992553','2024-01-19 05:56:47.992553',NULL,3511400,'2023-07-14 14:59:08.000000','ff85e6bd-1815-4628-aa37-c3943c810d25','267d0560-45db-4ca1-9e9d-96eae1c483e7'),('b6c3b7ec-5af5-48e1-aae0-e087c9d47dcc','2024-01-19 05:56:48.061069','2024-01-19 05:56:48.061069',NULL,2612900,'2023-08-20 14:59:08.000000','6fd6db3b-a515-4ec9-8dd9-1f4702154c88','789b7485-e0ff-40c5-8919-661d0f0bd8da'),('b6ca1d05-e077-429d-a2bd-c33e2c5cb57a','2024-01-19 05:56:47.583166','2024-01-19 05:56:47.583166',NULL,1509600,'2023-01-31 14:59:08.000000','7bbbe3be-8354-44c4-bd7f-740d11b75262','789b7485-e0ff-40c5-8919-661d0f0bd8da'),('b6dc9ebb-5a1d-45ce-9b53-afee4ff25648','2024-01-19 05:56:48.160351','2024-01-19 05:56:48.160351',NULL,1619500,'2023-10-11 14:59:08.000000','b4ffd3b4-713e-4d67-bd0f-f18940ac7cbc','789b7485-e0ff-40c5-8919-661d0f0bd8da'),('b7215199-0071-4c62-82db-fb2c44d1e4ad','2024-01-19 05:56:48.271289','2024-01-19 05:56:48.271289',NULL,1176900,'2023-11-13 14:59:08.000000','6dcd496f-4902-40c2-a665-b7a204232403','789b7485-e0ff-40c5-8919-661d0f0bd8da'),('b765f23a-dab7-410f-a093-0a08608604f7','2024-01-19 05:56:47.676023','2024-01-19 05:56:47.676023',NULL,2236100,'2023-03-10 14:59:08.000000','8d4d07bf-e484-40c2-a470-01ac4f118ecd','267d0560-45db-4ca1-9e9d-96eae1c483e7'),('b7add317-3cc3-4209-a57b-1c8bec65cb59','2024-01-19 05:56:48.170683','2024-01-19 05:56:48.170683',NULL,4127500,'2023-10-16 14:59:08.000000','6a8f52d0-03b8-47f6-bbb7-1cfef8eb48cc','789b7485-e0ff-40c5-8919-661d0f0bd8da'),('b7b23217-6c29-47c5-8ea2-79268e54fea9','2024-01-19 05:56:47.742622','2024-01-19 05:56:47.742622',NULL,3681100,'2023-04-14 14:59:08.000000','63dc3d8a-0b5a-420e-b1e6-5deb0f7aa478','267d0560-45db-4ca1-9e9d-96eae1c483e7'),('b7df3f74-251f-448d-85e7-a8ba8e70db31','2024-01-19 05:56:47.858919','2024-01-19 05:56:47.858919',NULL,4434800,'2023-05-27 14:59:08.000000','4a6b7467-d821-4578-8886-a655e8295e26','789b7485-e0ff-40c5-8919-661d0f0bd8da'),('b83f9fb4-cb57-40d6-b089-a1a090cf89bf','2024-01-19 05:56:47.681482','2024-01-19 05:56:47.681482',NULL,1637500,'2023-03-15 14:59:08.000000','2b659158-8e8d-4bb7-8246-d2b2718d60ca','789b7485-e0ff-40c5-8919-661d0f0bd8da'),('b87f26b6-a26f-4df3-b43b-5f97e1dfd1f0','2024-01-19 05:56:47.645598','2024-01-19 05:56:47.645598',NULL,3817200,'2023-02-27 14:59:08.000000','9e59050a-96a0-47a7-80fe-70bf17beeb0b','789b7485-e0ff-40c5-8919-661d0f0bd8da'),('b94c8278-7890-4b07-8b99-e9d6b6a8b2f7','2024-01-19 05:56:47.632078','2024-01-19 05:56:47.632078',NULL,811900,'2023-02-19 14:59:08.000000','2331faae-2959-4d71-8ee5-432e0ecf2618','789b7485-e0ff-40c5-8919-661d0f0bd8da'),('b95c6b22-4b14-4218-9396-baf1d280e652','2024-01-19 05:56:48.005585','2024-01-19 05:56:48.005585',NULL,216400,'2023-07-25 14:59:08.000000','5f377e37-a646-4ec0-b99d-073346912a33','789b7485-e0ff-40c5-8919-661d0f0bd8da'),('b987ac10-33d1-4e1a-a057-c001f5cb66d9','2024-01-19 05:56:47.654927','2024-01-19 05:56:47.654927',NULL,2532200,'2023-03-02 14:59:08.000000','e5a432a5-96ad-4efd-8391-7cbdae2aa356','267d0560-45db-4ca1-9e9d-96eae1c483e7'),('b998ab5b-0154-414a-afda-24ae34ecda81','2024-01-19 05:56:47.725270','2024-01-19 05:56:47.725270',NULL,3483100,'2023-04-08 14:59:08.000000','d07d3741-846a-44dc-ae3c-8bdb828e7e3e','267d0560-45db-4ca1-9e9d-96eae1c483e7'),('b99c2af8-ff79-4ea9-8ebe-ca2f13e55bfb','2024-01-19 05:56:48.054995','2024-01-19 05:56:48.054995',NULL,1920000,'2023-08-17 14:59:08.000000','b0397be6-bdd2-40f7-9736-a1abc98554d1','789b7485-e0ff-40c5-8919-661d0f0bd8da'),('ba0581dc-dfe7-40e1-a50e-7343c29e40dd','2024-01-19 05:56:47.789806','2024-01-19 05:56:47.789806',NULL,1114600,'2023-05-09 14:59:08.000000','2331faae-2959-4d71-8ee5-432e0ecf2618','267d0560-45db-4ca1-9e9d-96eae1c483e7'),('ba42ef54-d440-4e93-9de7-55978ee8dc9c','2024-01-19 05:56:48.014121','2024-01-19 05:56:48.014121',NULL,1078900,'2023-07-29 14:59:08.000000','34fbac25-9ac0-4d00-aa2b-8b37dfd6fed2','789b7485-e0ff-40c5-8919-661d0f0bd8da'),('ba9eb7e7-a349-4d40-85e5-a9e7596d2144','2024-01-19 05:56:47.633691','2024-01-19 05:56:47.633691',NULL,1828700,'2023-02-20 14:59:08.000000','c831abe4-94ed-4137-bf18-6c297c2a93f6','789b7485-e0ff-40c5-8919-661d0f0bd8da'),('bae598f0-6c2d-4220-8a18-581ffc7bfd84','2024-01-19 05:56:48.260001','2024-01-19 05:56:48.260001',NULL,3308300,'2023-11-07 14:59:08.000000','b2cf622e-eb4f-48f3-bb7c-cfd38353e5a0','789b7485-e0ff-40c5-8919-661d0f0bd8da'),('bb476cda-3227-434f-8862-f45e6adf39ab','2024-01-19 05:56:47.989939','2024-01-19 05:56:47.989939',NULL,2832600,'2023-07-13 14:59:08.000000','7bbbe3be-8354-44c4-bd7f-740d11b75262','267d0560-45db-4ca1-9e9d-96eae1c483e7'),('bc3aed65-f19c-43e9-9a96-22905589b480','2024-01-19 05:56:48.379118','2024-01-19 05:56:48.379118',NULL,4784500,'2024-01-01 14:59:08.000000','dcf6c92f-caeb-4fe8-94be-283032cf2213','267d0560-45db-4ca1-9e9d-96eae1c483e7'),('bc40e057-1b91-46e2-8107-d2864a14d47e','2024-01-19 05:56:47.970099','2024-01-19 05:56:47.970099',NULL,4553400,'2023-07-03 14:59:08.000000','d07d3741-846a-44dc-ae3c-8bdb828e7e3e','267d0560-45db-4ca1-9e9d-96eae1c483e7'),('bc415859-a64f-4197-ac26-1aecc2158265','2024-01-19 05:56:47.529980','2024-01-19 05:56:47.529980',NULL,3634100,'2023-01-07 14:59:08.000000','5f377e37-a646-4ec0-b99d-073346912a33','267d0560-45db-4ca1-9e9d-96eae1c483e7'),('bcc5e84c-5de6-41dc-80ec-e3902731dab8','2024-01-19 05:56:47.691859','2024-01-19 05:56:47.691859',NULL,4449000,'2023-03-18 14:59:08.000000','34fbac25-9ac0-4d00-aa2b-8b37dfd6fed2','267d0560-45db-4ca1-9e9d-96eae1c483e7'),('bde8eb3f-9dc6-451a-81f4-3ee1510f98fb','2024-01-19 05:56:48.295015','2024-01-19 05:56:48.295015',NULL,2435000,'2023-11-26 14:59:08.000000','edcc6825-49cb-4b89-aab0-2dc7f372fb86','267d0560-45db-4ca1-9e9d-96eae1c483e7'),('be8bd646-d5ba-4abf-adb4-e0eda87cbd2c','2024-01-19 05:56:47.997281','2024-01-19 05:56:47.997281',NULL,3246100,'2023-07-18 14:59:08.000000','d304305a-3016-448f-ba0b-44d055567619','267d0560-45db-4ca1-9e9d-96eae1c483e7'),('befbee71-d13b-4c80-bdb3-5feea49de9d2','2024-01-19 05:56:47.901206','2024-01-19 05:56:47.901206',NULL,3808100,'2023-06-12 14:59:08.000000','51b2e151-da5e-4743-800e-723fec04076e','267d0560-45db-4ca1-9e9d-96eae1c483e7'),('befd1a18-96a5-4441-bd8b-35813716be79','2024-01-19 05:56:48.008148','2024-01-19 05:56:48.008148',NULL,3965700,'2023-07-27 14:59:08.000000','b2cf622e-eb4f-48f3-bb7c-cfd38353e5a0','789b7485-e0ff-40c5-8919-661d0f0bd8da'),('bf038162-f8ac-49c9-a0ff-6e4d43434600','2024-01-19 05:56:47.538821','2024-01-19 05:56:47.538821',NULL,3898600,'2023-01-11 14:59:08.000000','8ad38415-e27e-4a21-a7c1-9616b04cfb7c','789b7485-e0ff-40c5-8919-661d0f0bd8da'),('bf2b8c64-6a4c-4af2-9e5b-c21acf3e132a','2024-01-19 05:56:47.599211','2024-01-19 05:56:47.599211',NULL,1248400,'2023-02-04 14:59:08.000000','5f377e37-a646-4ec0-b99d-073346912a33','267d0560-45db-4ca1-9e9d-96eae1c483e7'),('bf372c9d-8773-4400-b768-c54a82262199','2024-01-19 05:56:47.607320','2024-01-19 05:56:47.607320',NULL,3194500,'2023-02-08 14:59:08.000000','414a1d1e-53c5-49d1-a043-2f43c9c4d693','789b7485-e0ff-40c5-8919-661d0f0bd8da'),('bf37615c-286d-4edc-b440-d5053fedc704','2024-01-19 05:56:47.574521','2024-01-19 05:56:47.574521',NULL,3136900,'2023-01-26 14:59:08.000000','fedaac60-e4d0-4aba-b458-69060ed6cded','267d0560-45db-4ca1-9e9d-96eae1c483e7'),('bf8a0cfc-1ad3-4656-963c-fddc4bf8cc46','2024-01-19 05:56:48.019367','2024-01-19 05:56:48.019367',NULL,2555400,'2023-07-31 14:59:08.000000','6fd6db3b-a515-4ec9-8dd9-1f4702154c88','267d0560-45db-4ca1-9e9d-96eae1c483e7'),('bfebe46c-c282-4ac7-939c-17ab3e3f911a','2024-01-19 05:56:47.568331','2024-01-19 05:56:47.568331',NULL,3964400,'2023-01-24 14:59:08.000000','4b6bf3e2-fdfd-4695-b2de-5abfa681aef6','267d0560-45db-4ca1-9e9d-96eae1c483e7'),('bffeece0-b15c-4f8c-8b97-6bb80d7b1288','2024-01-19 05:56:47.602172','2024-01-19 05:56:47.602172',NULL,3071000,'2023-02-05 14:59:08.000000','4b6bf3e2-fdfd-4695-b2de-5abfa681aef6','267d0560-45db-4ca1-9e9d-96eae1c483e7'),('c0a0cd7e-4afe-4ee0-90c4-a99b4043cdb4','2024-01-19 05:56:48.351178','2024-01-19 05:56:48.351178',NULL,1704200,'2023-12-23 14:59:08.000000','34fbac25-9ac0-4d00-aa2b-8b37dfd6fed2','267d0560-45db-4ca1-9e9d-96eae1c483e7'),('c10d2d53-59a8-4639-9ab0-09f17f7c3938','2024-01-19 05:56:47.551096','2024-01-19 05:56:47.551096',NULL,2977000,'2023-01-16 14:59:08.000000','2b67dbf0-ed3a-4442-8fb8-6930676f85e4','789b7485-e0ff-40c5-8919-661d0f0bd8da'),('c11ca78d-d6e7-49cf-9323-eeb43a1dc763','2024-01-19 05:56:48.180524','2024-01-19 05:56:48.180524',NULL,4825000,'2023-10-20 14:59:08.000000','3384a0f8-300a-43b1-85f9-1962fb11fc58','789b7485-e0ff-40c5-8919-661d0f0bd8da'),('c133ffa5-6420-4506-9da7-a9339d76849a','2024-01-19 05:56:47.900572','2024-01-19 05:56:47.900572',NULL,4522900,'2023-06-12 14:59:08.000000','163c5d26-ffca-4e9f-854d-e1f37ba0361a','267d0560-45db-4ca1-9e9d-96eae1c483e7'),('c13a8907-1722-4573-b817-1665fc896295','2024-01-19 05:56:47.658988','2024-01-19 05:56:47.658988',NULL,4210200,'2023-03-04 14:59:08.000000','2c17f922-58e5-41c2-b53e-0dc710248d26','789b7485-e0ff-40c5-8919-661d0f0bd8da'),('c1d6ff15-4ce2-4f36-926e-06bcf0b1d6bb','2024-01-19 05:56:48.252586','2024-01-19 05:56:48.252586',NULL,2254100,'2023-11-03 14:59:08.000000','15e2a7e1-3fce-424a-9c93-715826187716','267d0560-45db-4ca1-9e9d-96eae1c483e7'),('c1fe09f6-7760-4f73-bd40-04b02d840f76','2024-01-19 05:56:47.641836','2024-01-19 05:56:47.641836',NULL,4907600,'2023-02-25 14:59:08.000000','c831abe4-94ed-4137-bf18-6c297c2a93f6','789b7485-e0ff-40c5-8919-661d0f0bd8da'),('c2190693-bd91-448f-86e8-f8d9ed008ff3','2024-01-19 05:56:47.830696','2024-01-19 05:56:47.830696',NULL,4558200,'2023-05-22 14:59:08.000000','8d4d07bf-e484-40c2-a470-01ac4f118ecd','789b7485-e0ff-40c5-8919-661d0f0bd8da'),('c21d2728-5075-424a-8402-786bc1f88c66','2024-01-19 05:56:48.134708','2024-01-19 05:56:48.134708',NULL,1005600,'2023-09-27 14:59:08.000000','032f81ca-2f18-4830-a4a0-eba888d2023a','267d0560-45db-4ca1-9e9d-96eae1c483e7'),('c22e7cd4-cf8a-428a-b3ae-db4c4f89629f','2024-01-19 05:56:48.153865','2024-01-19 05:56:48.153865',NULL,1559200,'2023-10-09 14:59:08.000000','64c3ca5a-54d4-4a3e-9db2-07205e0dd7a3','267d0560-45db-4ca1-9e9d-96eae1c483e7'),('c2370e9c-b45e-4fe0-8553-507956f6a905','2024-01-19 05:56:48.148088','2024-01-19 05:56:48.148088',NULL,4524000,'2023-10-05 14:59:08.000000','e5a432a5-96ad-4efd-8391-7cbdae2aa356','789b7485-e0ff-40c5-8919-661d0f0bd8da'),('c25bfb6e-4ad5-4532-98a5-24477a0a8b3f','2024-01-19 05:56:47.682872','2024-01-19 05:56:47.682872',NULL,2656400,'2023-03-15 14:59:08.000000','93484aab-f150-4119-ae5a-8d6fbe378da0','267d0560-45db-4ca1-9e9d-96eae1c483e7'),('c25d527a-c1ed-4648-93f9-fa97a33f636c','2024-01-19 05:56:48.275914','2024-01-19 05:56:48.275914',NULL,351800,'2023-11-16 14:59:08.000000','fedaac60-e4d0-4aba-b458-69060ed6cded','267d0560-45db-4ca1-9e9d-96eae1c483e7'),('c2b220c7-7766-47a5-be84-a9573d3513b7','2024-01-19 05:56:48.191413','2024-01-19 05:56:48.191413',NULL,1773200,'2023-10-24 14:59:08.000000','e67afd04-10dc-4637-91cc-10e293a98bf7','789b7485-e0ff-40c5-8919-661d0f0bd8da'),('c2f37d21-5849-4bc6-b67f-b0e65aff42b0','2024-01-19 05:56:48.228155','2024-01-19 05:56:48.228155',NULL,1928800,'2023-10-29 14:59:08.000000','e67afd04-10dc-4637-91cc-10e293a98bf7','789b7485-e0ff-40c5-8919-661d0f0bd8da'),('c33ac480-9e45-4d52-9052-df5577c1efe3','2024-01-19 05:56:48.130369','2024-01-19 05:56:48.130369',NULL,2656600,'2023-09-26 14:59:08.000000','0e694c04-8250-404f-8b32-769702c52e69','267d0560-45db-4ca1-9e9d-96eae1c483e7'),('c3a04a87-dba1-42a2-9cbe-83207128fab9','2024-01-19 05:56:47.980547','2024-01-19 05:56:47.980547',NULL,1395200,'2023-07-08 14:59:08.000000','ac305234-15db-4320-a504-cd2997399b73','267d0560-45db-4ca1-9e9d-96eae1c483e7'),('c3c5937b-85bd-4a78-8d7b-8059549cc6bc','2024-01-19 05:56:48.143003','2024-01-19 05:56:48.143003',NULL,3141700,'2023-09-30 14:59:08.000000','c131a2f4-b00c-40b4-a822-ea3b2e7773c9','267d0560-45db-4ca1-9e9d-96eae1c483e7'),('c4aae35f-15fb-4f75-95fa-7b0047d52e77','2024-01-19 05:56:47.825810','2024-01-19 05:56:47.825810',NULL,3714900,'2023-05-20 14:59:08.000000','2c17f922-58e5-41c2-b53e-0dc710248d26','267d0560-45db-4ca1-9e9d-96eae1c483e7'),('c511e849-7834-4583-a9a4-d83b3fdd85e6','2024-01-19 05:56:47.685382','2024-01-19 05:56:47.685382',NULL,4277500,'2023-03-16 14:59:08.000000','34fbac25-9ac0-4d00-aa2b-8b37dfd6fed2','789b7485-e0ff-40c5-8919-661d0f0bd8da'),('c54371b9-22ed-4119-863d-b597dce695ff','2024-01-19 05:56:48.288799','2024-01-19 05:56:48.288799',NULL,3080000,'2023-11-24 14:59:08.000000','709bd6d1-f421-4967-8880-a85ba6553260','789b7485-e0ff-40c5-8919-661d0f0bd8da'),('c5739606-063f-4469-9f41-1b6de54cc040','2024-01-19 05:56:47.797321','2024-01-19 05:56:47.797321',NULL,4495000,'2023-05-12 14:59:08.000000','ac305234-15db-4320-a504-cd2997399b73','789b7485-e0ff-40c5-8919-661d0f0bd8da'),('c630ba8f-d403-462a-a02d-604298d4b114','2024-01-19 05:56:47.762346','2024-01-19 05:56:47.762346',NULL,427900,'2023-04-28 14:59:08.000000','b4ffd3b4-713e-4d67-bd0f-f18940ac7cbc','789b7485-e0ff-40c5-8919-661d0f0bd8da'),('c64f7bb4-da58-4baa-b8e1-668fa520f9c4','2024-01-19 05:56:47.990529','2024-01-19 05:56:47.990529',NULL,4363900,'2023-07-13 14:59:08.000000','6a8f52d0-03b8-47f6-bbb7-1cfef8eb48cc','267d0560-45db-4ca1-9e9d-96eae1c483e7'),('c6fc7eb9-e366-4f0b-84d7-d171987e6abd','2024-01-19 05:56:48.293101','2024-01-19 05:56:48.293101',NULL,2795400,'2023-11-25 14:59:08.000000','084e5b27-e4b0-48f7-8569-76b7a3c5ff6f','267d0560-45db-4ca1-9e9d-96eae1c483e7'),('c75bb74f-60c5-48d9-9063-af6539a68c21','2024-01-19 05:56:48.267158','2024-01-19 05:56:48.267158',NULL,4759100,'2023-11-12 14:59:08.000000','bb836b96-0eff-4194-86ac-8b74b649803e','789b7485-e0ff-40c5-8919-661d0f0bd8da'),('c7c4878f-c5fe-416d-a143-519b34823401','2024-01-19 05:56:48.012663','2024-01-19 05:56:48.012663',NULL,4607300,'2023-07-28 14:59:08.000000','7bbbe3be-8354-44c4-bd7f-740d11b75262','789b7485-e0ff-40c5-8919-661d0f0bd8da'),('c80abe90-91a6-42a0-a387-3a39d5d0d0b8','2024-01-19 05:56:47.758410','2024-01-19 05:56:47.758410',NULL,4328400,'2023-04-24 14:59:08.000000','4a6b7467-d821-4578-8886-a655e8295e26','789b7485-e0ff-40c5-8919-661d0f0bd8da'),('c82c5e70-beaa-44ac-a02d-c0b53b57f4eb','2024-01-19 05:56:47.932415','2024-01-19 05:56:47.932415',NULL,2942600,'2023-06-26 14:59:08.000000','2c17f922-58e5-41c2-b53e-0dc710248d26','267d0560-45db-4ca1-9e9d-96eae1c483e7'),('c84ca48f-6e8d-4fe7-9cec-7a1df847067a','2024-01-19 05:56:47.624398','2024-01-19 05:56:47.624398',NULL,3228000,'2023-02-13 14:59:08.000000','36f069f8-6737-4c58-b967-720e2c324708','789b7485-e0ff-40c5-8919-661d0f0bd8da'),('c8bbc269-f698-4fcb-aa2d-fd181f0d7e2b','2024-01-19 05:56:47.912565','2024-01-19 05:56:47.912565',NULL,1575200,'2023-06-16 14:59:08.000000','6a8f52d0-03b8-47f6-bbb7-1cfef8eb48cc','789b7485-e0ff-40c5-8919-661d0f0bd8da'),('c8ceb0e9-d5ac-46ad-a786-43019fd6a47d','2024-01-19 05:56:47.786565','2024-01-19 05:56:47.786565',NULL,4590200,'2023-05-09 14:59:08.000000','ed95d054-e902-4bd1-a83d-84c68d68d298','267d0560-45db-4ca1-9e9d-96eae1c483e7'),('c8defb24-3c3a-4d63-9be9-36ce37aab4a0','2024-01-19 05:56:47.997787','2024-01-19 05:56:47.997787',NULL,3147300,'2023-07-19 14:59:08.000000','44ab16dc-9c86-4a5d-839a-e1f30bbbccb6','789b7485-e0ff-40c5-8919-661d0f0bd8da'),('c90ae989-96be-4245-b28d-f91dd900b58c','2024-01-19 05:56:47.558147','2024-01-19 05:56:47.558147',NULL,2921800,'2023-01-20 14:59:08.000000','6b9e1d80-63b9-4810-b249-ea1549704832','789b7485-e0ff-40c5-8919-661d0f0bd8da'),('c96165dc-405f-4a27-8972-4337ae22cbd2','2024-01-19 05:56:48.033219','2024-01-19 05:56:48.033219',NULL,1772700,'2023-08-07 14:59:08.000000','d683c509-bda4-4997-877e-6e099df05542','789b7485-e0ff-40c5-8919-661d0f0bd8da'),('c9769ad8-ebcd-40a5-a9d7-73ea95100de4','2024-01-19 05:56:48.052276','2024-01-19 05:56:48.052276',NULL,614000,'2023-08-16 14:59:08.000000','fa9d2517-21cb-4b41-aa79-83b653a7c89b','789b7485-e0ff-40c5-8919-661d0f0bd8da'),('c9cbc3ea-7798-4860-bac3-6c25b2422a6b','2024-01-19 05:56:48.049030','2024-01-19 05:56:48.049030',NULL,4625900,'2023-08-15 14:59:08.000000','c7574005-744d-43a6-9ceb-b4230f603441','789b7485-e0ff-40c5-8919-661d0f0bd8da'),('caabb906-52b0-4ef2-983d-310586d410ab','2024-01-19 05:56:47.530563','2024-01-19 05:56:47.530563',NULL,3703100,'2023-01-07 14:59:08.000000','fa9d2517-21cb-4b41-aa79-83b653a7c89b','789b7485-e0ff-40c5-8919-661d0f0bd8da'),('cab3cf49-9e19-413f-981c-d590fd5d3817','2024-01-19 05:56:47.897398','2024-01-19 05:56:47.897398',NULL,2646300,'2023-06-11 14:59:08.000000','3a47f4bd-8271-41ec-8202-20a55565c4b3','267d0560-45db-4ca1-9e9d-96eae1c483e7'),('cad0ad49-4b0d-494f-a3f0-1e79bba83f66','2024-01-19 05:56:48.348271','2024-01-19 05:56:48.348271',NULL,2329000,'2023-12-22 14:59:08.000000','a8a6e225-26c3-4d20-a6b4-2f7c507c3fad','267d0560-45db-4ca1-9e9d-96eae1c483e7'),('caed159b-a9e4-49d2-902c-c6803daf3122','2024-01-19 05:56:47.520563','2024-01-19 05:56:47.520563',NULL,2688100,'2023-01-03 14:59:08.000000','7030b222-f534-4af4-bc34-eb5d74e9e5eb','267d0560-45db-4ca1-9e9d-96eae1c483e7'),('cb5251c3-3a7a-4aae-bbbf-75a5eee3ed3e','2024-01-19 05:56:48.339041','2024-01-19 05:56:48.339041',NULL,258400,'2023-12-20 14:59:08.000000','a0bc9191-7b0c-4e50-b715-c35ecb7c9cf8','789b7485-e0ff-40c5-8919-661d0f0bd8da'),('cb705ec3-ad2c-485f-944c-0a89a32c5bef','2024-01-19 05:56:47.707140','2024-01-19 05:56:47.707140',NULL,1463800,'2023-03-26 14:59:08.000000','edcc6825-49cb-4b89-aab0-2dc7f372fb86','267d0560-45db-4ca1-9e9d-96eae1c483e7'),('cb77cf94-b982-4391-a248-ba6b4c875731','2024-01-19 05:56:48.295742','2024-01-19 05:56:48.295742',NULL,3780100,'2023-11-26 14:59:08.000000','20a920bf-dbc7-4c2b-84c8-d5e828395364','789b7485-e0ff-40c5-8919-661d0f0bd8da'),('cb941491-a5a8-4e68-aedd-9c96bf8b54fe','2024-01-19 05:56:47.777711','2024-01-19 05:56:47.777711',NULL,2016800,'2023-05-04 14:59:08.000000','a8a6e225-26c3-4d20-a6b4-2f7c507c3fad','789b7485-e0ff-40c5-8919-661d0f0bd8da'),('cbe36f8f-2bbb-4544-a57d-af8f29d3482b','2024-01-19 05:56:48.370189','2024-01-19 05:56:48.370189',NULL,1605900,'2023-12-28 14:59:08.000000','084e5b27-e4b0-48f7-8569-76b7a3c5ff6f','789b7485-e0ff-40c5-8919-661d0f0bd8da'),('cc1202fa-5bd3-4478-ab0c-685dba9f2e07','2024-01-19 05:56:47.667829','2024-01-19 05:56:47.667829',NULL,392400,'2023-03-09 14:59:08.000000','6dcd496f-4902-40c2-a665-b7a204232403','267d0560-45db-4ca1-9e9d-96eae1c483e7'),('cca126d9-2819-4554-b78b-9cb04af5a14f','2024-01-19 05:56:48.270502','2024-01-19 05:56:48.270502',NULL,604800,'2023-11-13 14:59:08.000000','10382b21-307d-4391-8cf5-3d7ab4444d19','789b7485-e0ff-40c5-8919-661d0f0bd8da'),('cd2bca76-2966-45c9-b391-2473d842a36b','2024-01-19 05:56:47.785606','2024-01-19 05:56:47.785606',NULL,1455000,'2023-05-08 14:59:08.000000','e67afd04-10dc-4637-91cc-10e293a98bf7','267d0560-45db-4ca1-9e9d-96eae1c483e7'),('cd6bbdf3-33a2-4e50-9f4a-5e117426ee19','2024-01-19 05:56:48.041402','2024-01-19 05:56:48.041402',NULL,958500,'2023-08-12 14:59:08.000000','edcc6825-49cb-4b89-aab0-2dc7f372fb86','267d0560-45db-4ca1-9e9d-96eae1c483e7'),('cd6d1dd6-6d07-4f86-ae36-f36e5ddc2457','2024-01-19 05:56:47.591080','2024-01-19 05:56:47.591080',NULL,4717300,'2023-02-02 14:59:08.000000','9e59050a-96a0-47a7-80fe-70bf17beeb0b','789b7485-e0ff-40c5-8919-661d0f0bd8da'),('cdc2247b-146e-40a0-bd3f-c7720848bbd5','2024-01-19 05:56:48.039004','2024-01-19 05:56:48.039004',NULL,4303100,'2023-08-10 14:59:08.000000','6a8f52d0-03b8-47f6-bbb7-1cfef8eb48cc','267d0560-45db-4ca1-9e9d-96eae1c483e7'),('ce2528d5-cd1e-4981-844b-dbc32d5a3979','2024-01-19 05:56:47.920705','2024-01-19 05:56:47.920705',NULL,4999700,'2023-06-22 14:59:08.000000','b7294ac0-dd79-4746-a20b-52ca898f1428','789b7485-e0ff-40c5-8919-661d0f0bd8da'),('ce34669d-9720-45e1-839e-ea6336659719','2024-01-19 05:56:47.919710','2024-01-19 05:56:47.919710',NULL,4692400,'2023-06-21 14:59:08.000000','56970467-43f1-46f7-9d4d-2fa8527972ec','789b7485-e0ff-40c5-8919-661d0f0bd8da'),('ce651689-25bf-4404-b2e8-5e2310cb8710','2024-01-19 05:56:48.106865','2024-01-19 05:56:48.106865',NULL,600200,'2023-09-17 14:59:08.000000','14d08316-a3d3-4e73-bd3c-3aed234fa610','789b7485-e0ff-40c5-8919-661d0f0bd8da'),('ce7a6ba6-61ed-4a10-a64f-208d2b7a3802','2024-01-19 05:56:48.003564','2024-01-19 05:56:48.003564',NULL,643400,'2023-07-22 14:59:08.000000','b0397be6-bdd2-40f7-9736-a1abc98554d1','789b7485-e0ff-40c5-8919-661d0f0bd8da'),('cf5103cc-9043-45e2-a9ff-1f7307a75956','2024-01-19 05:56:48.096457','2024-01-19 05:56:48.096457',NULL,3986500,'2023-09-09 14:59:08.000000','ed95d054-e902-4bd1-a83d-84c68d68d298','267d0560-45db-4ca1-9e9d-96eae1c483e7'),('cf56fc74-ae6b-48c8-a6bf-6912e9914be4','2024-01-19 05:56:48.304525','2024-01-19 05:56:48.304525',NULL,521800,'2023-12-01 14:59:08.000000','3384a0f8-300a-43b1-85f9-1962fb11fc58','789b7485-e0ff-40c5-8919-661d0f0bd8da'),('cff36a6a-c885-4a82-a9d2-d0fc34d531d9','2024-01-19 05:56:47.914755','2024-01-19 05:56:47.914755',NULL,1272900,'2023-06-17 14:59:08.000000','2331faae-2959-4d71-8ee5-432e0ecf2618','789b7485-e0ff-40c5-8919-661d0f0bd8da'),('d07146e3-8272-42b7-8cd0-3f0934a36fd2','2024-01-19 05:56:47.861300','2024-01-19 05:56:47.861300',NULL,4111100,'2023-05-28 14:59:08.000000','3ca2c403-ce53-4ee4-b3a2-91a2f41826f8','267d0560-45db-4ca1-9e9d-96eae1c483e7'),('d0780f0b-23a7-4769-a060-2b3c0e53a400','2024-01-19 05:56:47.991086','2024-01-19 05:56:47.991086',NULL,2510400,'2023-07-14 14:59:08.000000','b2cf622e-eb4f-48f3-bb7c-cfd38353e5a0','789b7485-e0ff-40c5-8919-661d0f0bd8da'),('d09c18b2-082f-4bc0-bb07-1fd7fcb25582','2024-01-19 05:56:48.148685','2024-01-19 05:56:48.148685',NULL,1333300,'2023-10-05 14:59:08.000000','fedaac60-e4d0-4aba-b458-69060ed6cded','789b7485-e0ff-40c5-8919-661d0f0bd8da'),('d1e06040-777e-4907-b5a5-58f9dddf717d','2024-01-19 05:56:48.172834','2024-01-19 05:56:48.172834',NULL,3017200,'2023-10-17 14:59:08.000000','323b2d0f-8a5e-4f2a-9212-dc7c3025908a','789b7485-e0ff-40c5-8919-661d0f0bd8da'),('d1e44c0d-3c3d-47d8-a64f-196961773f88','2024-01-19 05:56:48.282189','2024-01-19 05:56:48.282189',NULL,2204100,'2023-11-19 14:59:08.000000','34fbac25-9ac0-4d00-aa2b-8b37dfd6fed2','789b7485-e0ff-40c5-8919-661d0f0bd8da'),('d2254015-3dcd-41ab-b814-15587c9892f4','2024-01-19 05:56:47.522747','2024-01-19 05:56:47.522747',NULL,4909900,'2023-01-04 14:59:08.000000','06928d73-5ab2-41e6-ac65-97bc25032c90','789b7485-e0ff-40c5-8919-661d0f0bd8da'),('d2332639-13ec-4290-a340-a9b7f733e98f','2024-01-19 05:56:48.111525','2024-01-19 05:56:48.111525',NULL,885700,'2023-09-20 14:59:08.000000','b7294ac0-dd79-4746-a20b-52ca898f1428','267d0560-45db-4ca1-9e9d-96eae1c483e7'),('d2bfbba4-e637-4a16-95e1-5fc5f621379b','2024-01-19 05:56:47.729727','2024-01-19 05:56:47.729727',NULL,4637700,'2023-04-10 14:59:08.000000','0875b44f-28fa-4322-bb51-b7043108b638','789b7485-e0ff-40c5-8919-661d0f0bd8da'),('d2e9b59d-06e3-46a3-b080-cf0e3cd80819','2024-01-19 05:56:48.035546','2024-01-19 05:56:48.035546',NULL,3447200,'2023-08-08 14:59:08.000000','6b9e1d80-63b9-4810-b249-ea1549704832','789b7485-e0ff-40c5-8919-661d0f0bd8da'),('d3577b2b-1983-417f-a29e-f3db66310ac4','2024-01-19 05:56:48.339674','2024-01-19 05:56:48.339674',NULL,4327600,'2023-12-20 14:59:08.000000','414a1d1e-53c5-49d1-a043-2f43c9c4d693','789b7485-e0ff-40c5-8919-661d0f0bd8da'),('d39c2f8b-03d3-4268-a8b4-3b3bc0757595','2024-01-19 05:56:47.573623','2024-01-19 05:56:47.573623',NULL,778200,'2023-01-26 14:59:08.000000','a0bc9191-7b0c-4e50-b715-c35ecb7c9cf8','267d0560-45db-4ca1-9e9d-96eae1c483e7'),('d430d41f-01de-4cec-ae45-eed03a64b59c','2024-01-19 05:56:48.272674','2024-01-19 05:56:48.272674',NULL,4475800,'2023-11-14 14:59:08.000000','5f377e37-a646-4ec0-b99d-073346912a33','789b7485-e0ff-40c5-8919-661d0f0bd8da'),('d50b1455-6ece-4b0d-91d1-6c40fa8762c0','2024-01-19 05:56:47.621772','2024-01-19 05:56:47.621772',NULL,4980000,'2023-02-12 14:59:08.000000','ecc8058e-2ab8-405b-9f1c-ca777e8852fa','789b7485-e0ff-40c5-8919-661d0f0bd8da'),('d513d8ea-a661-4ee1-b928-cdbbbe805d4c','2024-01-19 05:56:48.265604','2024-01-19 05:56:48.265604',NULL,2364700,'2023-11-11 14:59:08.000000','b2f8ad3a-8a36-4e33-9560-720ff67246a4','267d0560-45db-4ca1-9e9d-96eae1c483e7'),('d5750ec4-2590-4a72-a49f-bb91983367f1','2024-01-19 05:56:48.109497','2024-01-19 05:56:48.109497',NULL,3705800,'2023-09-18 14:59:08.000000','e67afd04-10dc-4637-91cc-10e293a98bf7','267d0560-45db-4ca1-9e9d-96eae1c483e7'),('d5a86ce8-743b-462b-ae6a-e15205ba8e9a','2024-01-19 05:56:47.978301','2024-01-19 05:56:47.978301',NULL,1583000,'2023-07-07 14:59:08.000000','4b6bf3e2-fdfd-4695-b2de-5abfa681aef6','789b7485-e0ff-40c5-8919-661d0f0bd8da'),('d5fd1cfa-f3a4-4d1e-a872-515dd05e51e9','2024-01-19 05:56:47.902052','2024-01-19 05:56:47.902052',NULL,869300,'2023-06-12 14:59:08.000000','9e59050a-96a0-47a7-80fe-70bf17beeb0b','789b7485-e0ff-40c5-8919-661d0f0bd8da'),('d61c5569-1312-4931-8a0f-d9ac9c5bd14a','2024-01-19 05:56:47.531231','2024-01-19 05:56:47.531231',NULL,3615800,'2023-01-08 14:59:08.000000','8ad38415-e27e-4a21-a7c1-9616b04cfb7c','267d0560-45db-4ca1-9e9d-96eae1c483e7'),('d6a7f50b-2e11-4dba-8203-777c38f9413a','2024-01-19 05:56:48.044081','2024-01-19 05:56:48.044081',NULL,4714400,'2023-08-13 14:59:08.000000','ac305234-15db-4320-a504-cd2997399b73','267d0560-45db-4ca1-9e9d-96eae1c483e7'),('d6d70476-976b-4ce9-b503-593c370bc409','2024-01-19 05:56:48.325586','2024-01-19 05:56:48.325586',NULL,1117100,'2023-12-13 14:59:08.000000','4b6bf3e2-fdfd-4695-b2de-5abfa681aef6','267d0560-45db-4ca1-9e9d-96eae1c483e7'),('d7185ae2-d5e7-4c10-8b50-d42e544db707','2024-01-19 05:56:47.966593','2024-01-19 05:56:47.966593',NULL,420000,'2023-07-02 14:59:08.000000','40bce365-c6e9-47a4-8877-622cfa07ce18','789b7485-e0ff-40c5-8919-661d0f0bd8da'),('d80fa147-965e-41c8-a06a-87fa467eb8e4','2024-01-19 05:56:48.237117','2024-01-19 05:56:48.237117',NULL,2340200,'2023-10-30 14:59:08.000000','8376c502-887e-4132-9e26-6e1409650ca6','789b7485-e0ff-40c5-8919-661d0f0bd8da'),('d8469b27-e479-4572-930f-f54003db65d1','2024-01-19 05:56:48.061554','2024-01-19 05:56:48.061554',NULL,262200,'2023-08-20 14:59:08.000000','5f377e37-a646-4ec0-b99d-073346912a33','789b7485-e0ff-40c5-8919-661d0f0bd8da'),('d8ee2fe5-fbab-4b75-84f3-9148591428e5','2024-01-19 05:56:47.979994','2024-01-19 05:56:47.979994',NULL,277900,'2023-07-08 14:59:08.000000','b4ffd3b4-713e-4d67-bd0f-f18940ac7cbc','267d0560-45db-4ca1-9e9d-96eae1c483e7'),('d9a7324d-fea6-457a-9906-23c8688299ee','2024-01-19 05:56:47.765478','2024-01-19 05:56:47.765478',NULL,1645200,'2023-04-30 14:59:08.000000','9af49e8d-dda1-4639-afd2-4c6d1e45e415','789b7485-e0ff-40c5-8919-661d0f0bd8da'),('d9fccae4-e589-49e0-b32b-2b0eadc6f063','2024-01-19 05:56:48.051133','2024-01-19 05:56:48.051133',NULL,648900,'2023-08-15 14:59:08.000000','026cfdf3-d7ee-4b25-84ab-e1bcd185de52','267d0560-45db-4ca1-9e9d-96eae1c483e7'),('da8edb67-e60c-4585-bbd1-3426dbcede78','2024-01-19 05:56:47.544496','2024-01-19 05:56:47.544496',NULL,4674400,'2023-01-13 14:59:08.000000','163c5d26-ffca-4e9f-854d-e1f37ba0361a','267d0560-45db-4ca1-9e9d-96eae1c483e7'),('dae6ea74-25c1-47e0-b280-7ea86b53c8d5','2024-01-19 05:56:47.961035','2024-01-19 05:56:47.961035',NULL,2278800,'2023-06-29 14:59:08.000000','084e5b27-e4b0-48f7-8569-76b7a3c5ff6f','789b7485-e0ff-40c5-8919-661d0f0bd8da'),('daf99b4c-ea5b-4c60-a1ce-a0ee1abbf5ab','2024-01-19 05:56:48.118969','2024-01-19 05:56:48.118969',NULL,1233400,'2023-09-22 14:59:08.000000','6dcd496f-4902-40c2-a665-b7a204232403','267d0560-45db-4ca1-9e9d-96eae1c483e7'),('db04d041-4f3c-4bfd-9c85-fe0db5f025bc','2024-01-19 05:56:47.965729','2024-01-19 05:56:47.965729',NULL,4047700,'2023-07-02 14:59:08.000000','bef4fdba-90ee-4450-9560-2e25eec0348c','789b7485-e0ff-40c5-8919-661d0f0bd8da'),('db0f0124-2eda-4b52-be22-bf11cda33360','2024-01-19 05:56:48.361467','2024-01-19 05:56:48.361467',NULL,4172200,'2023-12-26 14:59:08.000000','2210e1c2-519c-48e2-af1a-49531cdf7585','267d0560-45db-4ca1-9e9d-96eae1c483e7'),('db38c5ce-da01-4825-a8e3-85c64cc80026','2024-01-19 05:56:47.686329','2024-01-19 05:56:47.686329',NULL,1084200,'2023-03-16 14:59:08.000000','93484aab-f150-4119-ae5a-8d6fbe378da0','789b7485-e0ff-40c5-8919-661d0f0bd8da'),('db591b79-ffbd-42d4-9a17-48a0e733384c','2024-01-19 05:56:47.595391','2024-01-19 05:56:47.595391',NULL,2458500,'2023-02-04 14:59:08.000000','83dfe0b1-a623-4465-aaeb-f0d54dba6bc9','267d0560-45db-4ca1-9e9d-96eae1c483e7'),('db72fccd-df3c-4daa-9c8c-7131f74902f4','2024-01-19 05:56:47.972016','2024-01-19 05:56:47.972016',NULL,3826500,'2023-07-03 14:59:08.000000','d77ee9cb-3588-40e7-9c81-8015f463be43','789b7485-e0ff-40c5-8919-661d0f0bd8da'),('dbb566e3-1194-4966-9049-7d6c23059a77','2024-01-19 05:56:47.779121','2024-01-19 05:56:47.779121',NULL,2269000,'2023-05-04 14:59:08.000000','15e2a7e1-3fce-424a-9c93-715826187716','267d0560-45db-4ca1-9e9d-96eae1c483e7'),('dbb81c3d-696d-4d93-bd6c-f5519490eefb','2024-01-19 05:56:48.177280','2024-01-19 05:56:48.177280',NULL,1406500,'2023-10-20 14:59:08.000000','7bb44c13-f988-4c61-a8ef-307551405e72','789b7485-e0ff-40c5-8919-661d0f0bd8da'),('dbc86f8a-bc75-4c78-b5d6-e0c281129c23','2024-01-19 05:56:47.711446','2024-01-19 05:56:47.711446',NULL,1716300,'2023-03-28 14:59:08.000000','8376c502-887e-4132-9e26-6e1409650ca6','267d0560-45db-4ca1-9e9d-96eae1c483e7'),('dc67d7e7-5a92-45e9-a3f4-6bbcbc28f28e','2024-01-19 05:56:47.882504','2024-01-19 05:56:47.882504',NULL,4013800,'2023-06-03 14:59:08.000000','d304305a-3016-448f-ba0b-44d055567619','267d0560-45db-4ca1-9e9d-96eae1c483e7'),('dc6e7d79-0d60-4ad8-b7d9-bbe97fc6c8b2','2024-01-19 05:56:47.533244','2024-01-19 05:56:47.533244',NULL,1344800,'2023-01-08 14:59:08.000000','4b6bf3e2-fdfd-4695-b2de-5abfa681aef6','267d0560-45db-4ca1-9e9d-96eae1c483e7'),('dc94cfde-56b8-40b2-b017-131345fab45c','2024-01-19 05:56:47.996794','2024-01-19 05:56:47.996794',NULL,2935600,'2023-07-18 14:59:08.000000','3aee4e3b-e662-4e84-a8be-072c0148d273','789b7485-e0ff-40c5-8919-661d0f0bd8da'),('dcb75d94-7da2-4456-9417-4ebf8a1a854c','2024-01-19 05:56:48.317402','2024-01-19 05:56:48.317402',NULL,4280900,'2023-12-08 14:59:08.000000','c64301b0-1a1f-4c49-8a56-01b331724fae','789b7485-e0ff-40c5-8919-661d0f0bd8da'),('dcf1e90c-d945-40d9-87b2-f7d0a5b3fe92','2024-01-19 05:56:48.241701','2024-01-19 05:56:48.241701',NULL,123900,'2023-10-31 14:59:08.000000','c64301b0-1a1f-4c49-8a56-01b331724fae','789b7485-e0ff-40c5-8919-661d0f0bd8da'),('dcffb00d-995b-4496-bc21-dc4c8d38ebd9','2024-01-19 05:56:48.313077','2024-01-19 05:56:48.313077',NULL,4777100,'2023-12-04 14:59:08.000000','2e5b3100-95ab-46e0-af39-fe0228f404c7','789b7485-e0ff-40c5-8919-661d0f0bd8da'),('dd84ece6-9b55-4103-a656-0c8b88f712c1','2024-01-19 05:56:48.303676','2024-01-19 05:56:48.303676',NULL,4455100,'2023-12-01 14:59:08.000000','ea078faa-bd78-4fd6-a4b3-4ee9e3ade8d2','267d0560-45db-4ca1-9e9d-96eae1c483e7'),('dd9ef2b2-a34b-479a-8ad5-4a61b9dcbc27','2024-01-19 05:56:48.356219','2024-01-19 05:56:48.356219',NULL,1217200,'2023-12-25 14:59:08.000000','2331faae-2959-4d71-8ee5-432e0ecf2618','267d0560-45db-4ca1-9e9d-96eae1c483e7'),('ddb8c5e8-a338-486f-9011-7df5db5453b0','2024-01-19 05:56:48.062138','2024-01-19 05:56:48.062138',NULL,2732300,'2023-08-20 14:59:08.000000','dcf6c92f-caeb-4fe8-94be-283032cf2213','267d0560-45db-4ca1-9e9d-96eae1c483e7'),('ddec0abc-86df-474a-930b-cd685e80bf61','2024-01-19 05:56:47.928841','2024-01-19 05:56:47.928841',NULL,4799400,'2023-06-24 14:59:08.000000','6dcd496f-4902-40c2-a665-b7a204232403','267d0560-45db-4ca1-9e9d-96eae1c483e7'),('de08488b-fe9b-4cd1-93ea-49ac76544a68','2024-01-19 05:56:47.730880','2024-01-19 05:56:47.730880',NULL,1875900,'2023-04-10 14:59:08.000000','20a920bf-dbc7-4c2b-84c8-d5e828395364','267d0560-45db-4ca1-9e9d-96eae1c483e7'),('de08780c-a907-4df8-b213-d22eb7de2616','2024-01-19 05:56:47.996305','2024-01-19 05:56:47.996305',NULL,4001700,'2023-07-16 14:59:08.000000','fa9d2517-21cb-4b41-aa79-83b653a7c89b','267d0560-45db-4ca1-9e9d-96eae1c483e7'),('de0df27b-39ad-40b1-b8a5-d18c666fe6d3','2024-01-19 05:56:47.571746','2024-01-19 05:56:47.571746',NULL,4726000,'2023-01-24 14:59:08.000000','a531b94d-d879-4139-a506-d682bdaf4506','789b7485-e0ff-40c5-8919-661d0f0bd8da'),('de6b4828-281a-459a-a8d2-e1781ccd4516','2024-01-19 05:56:47.884156','2024-01-19 05:56:47.884156',NULL,856800,'2023-06-03 14:59:08.000000','0ab72fa0-66ab-4982-a1f2-d68eef685571','789b7485-e0ff-40c5-8919-661d0f0bd8da'),('de86a563-9cd5-45e6-a762-8e55f2084288','2024-01-19 05:56:47.604405','2024-01-19 05:56:47.604405',NULL,1481200,'2023-02-05 14:59:08.000000','e46f171b-b50e-47ba-9f15-575149d62772','789b7485-e0ff-40c5-8919-661d0f0bd8da'),('deeca756-c65d-40d4-9639-f85d2983996d','2024-01-19 05:56:47.602913','2024-01-19 05:56:47.602913',NULL,832700,'2023-02-05 14:59:08.000000','880ccb67-8061-4756-bbb8-bf4033660133','789b7485-e0ff-40c5-8919-661d0f0bd8da'),('df00a5d8-822e-4459-acbe-e27d48139244','2024-01-19 05:56:47.987339','2024-01-19 05:56:47.987339',NULL,270400,'2023-07-12 14:59:08.000000','b0397be6-bdd2-40f7-9736-a1abc98554d1','267d0560-45db-4ca1-9e9d-96eae1c483e7'),('df4a777d-cd75-4c3e-bad4-6e973da39c8d','2024-01-19 05:56:47.693393','2024-01-19 05:56:47.693393',NULL,2316100,'2023-03-19 14:59:08.000000','b2cf622e-eb4f-48f3-bb7c-cfd38353e5a0','267d0560-45db-4ca1-9e9d-96eae1c483e7'),('dfc34fcd-1ee5-42b9-8929-fa51173044ed','2024-01-19 05:56:47.614625','2024-01-19 05:56:47.614625',NULL,4518300,'2023-02-09 14:59:08.000000','3aee4e3b-e662-4e84-a8be-072c0148d273','789b7485-e0ff-40c5-8919-661d0f0bd8da'),('e14c15cb-4cb2-4920-93fa-29eac6ea5648','2024-01-19 05:56:48.081328','2024-01-19 05:56:48.081328',NULL,342100,'2023-08-30 14:59:08.000000','a0bc9191-7b0c-4e50-b715-c35ecb7c9cf8','267d0560-45db-4ca1-9e9d-96eae1c483e7'),('e188df1d-b3ca-49bd-8c1b-acc3dac37499','2024-01-19 05:56:47.789168','2024-01-19 05:56:47.789168',NULL,3858500,'2023-05-09 14:59:08.000000','8d4d07bf-e484-40c2-a470-01ac4f118ecd','267d0560-45db-4ca1-9e9d-96eae1c483e7'),('e193aca1-b20b-4962-bded-029274f7862e','2024-01-19 05:56:48.149148','2024-01-19 05:56:48.149148',NULL,4127300,'2023-10-06 14:59:08.000000','026cfdf3-d7ee-4b25-84ab-e1bcd185de52','789b7485-e0ff-40c5-8919-661d0f0bd8da'),('e1d61720-8ba5-4962-a69b-642b9fa4bfc4','2024-01-19 05:56:47.878925','2024-01-19 05:56:47.878925',NULL,2762500,'2023-06-02 14:59:08.000000','34fbac25-9ac0-4d00-aa2b-8b37dfd6fed2','789b7485-e0ff-40c5-8919-661d0f0bd8da'),('e1e3df08-84bc-44cf-8f41-8059d5b10e17','2024-01-19 05:56:47.698071','2024-01-19 05:56:47.698071',NULL,3911200,'2023-03-21 14:59:08.000000','47170f0c-eee8-4ac5-adad-b3926ca275b6','789b7485-e0ff-40c5-8919-661d0f0bd8da'),('e23643cb-75d5-4493-9b57-d678d479fcfe','2024-01-19 05:56:48.036938','2024-01-19 05:56:48.036938',NULL,3914000,'2023-08-09 14:59:08.000000','1cfeb074-9808-42b5-b417-9758c056e8e2','789b7485-e0ff-40c5-8919-661d0f0bd8da'),('e2e17fbf-126c-4e4e-a3a2-78adb5a84276','2024-01-19 05:56:47.881910','2024-01-19 05:56:47.881910',NULL,2086900,'2023-06-03 14:59:08.000000','3ca2c403-ce53-4ee4-b3a2-91a2f41826f8','267d0560-45db-4ca1-9e9d-96eae1c483e7'),('e492116c-d076-4ad6-bc6e-ffdfb4b85096','2024-01-19 05:56:48.045866','2024-01-19 05:56:48.045866',NULL,3685300,'2023-08-13 14:59:08.000000','4a6b7467-d821-4578-8886-a655e8295e26','267d0560-45db-4ca1-9e9d-96eae1c483e7'),('e4b1cb41-ed00-4b64-a2b7-5c1d75ddc7fc','2024-01-19 05:56:48.060285','2024-01-19 05:56:48.060285',NULL,2650300,'2023-08-20 14:59:08.000000','c831abe4-94ed-4137-bf18-6c297c2a93f6','267d0560-45db-4ca1-9e9d-96eae1c483e7'),('e4c9aacf-fd01-464f-b38d-173bcec83801','2024-01-19 05:56:48.095082','2024-01-19 05:56:48.095082',NULL,251100,'2023-09-09 14:59:08.000000','d07d3741-846a-44dc-ae3c-8bdb828e7e3e','789b7485-e0ff-40c5-8919-661d0f0bd8da'),('e51ce22a-ef22-43c3-8ac5-3b3cc2dbb78e','2024-01-19 05:56:47.707699','2024-01-19 05:56:47.707699',NULL,2390100,'2023-03-26 14:59:08.000000','fa9d2517-21cb-4b41-aa79-83b653a7c89b','789b7485-e0ff-40c5-8919-661d0f0bd8da'),('e555ef89-06b8-4233-9060-b99492021c11','2024-01-19 05:56:48.323632','2024-01-19 05:56:48.323632',NULL,3062600,'2023-12-13 14:59:08.000000','0875b44f-28fa-4322-bb51-b7043108b638','267d0560-45db-4ca1-9e9d-96eae1c483e7'),('e5a884b8-96e8-4011-8fa5-53457c7d387e','2024-01-19 05:56:48.086711','2024-01-19 05:56:48.086711',NULL,3328700,'2023-09-03 14:59:08.000000','bb836b96-0eff-4194-86ac-8b74b649803e','789b7485-e0ff-40c5-8919-661d0f0bd8da'),('e6171125-2226-48dd-a339-e356784792e8','2024-01-19 05:56:47.983513','2024-01-19 05:56:47.983513',NULL,2915000,'2023-07-10 14:59:08.000000','a8a6e225-26c3-4d20-a6b4-2f7c507c3fad','267d0560-45db-4ca1-9e9d-96eae1c483e7'),('e62a0721-4c3b-4edc-8f2a-04fee4cc1917','2024-01-19 05:56:47.856605','2024-01-19 05:56:47.856605',NULL,936200,'2023-05-26 14:59:08.000000','63dc3d8a-0b5a-420e-b1e6-5deb0f7aa478','267d0560-45db-4ca1-9e9d-96eae1c483e7'),('e67dd8db-a953-48e5-8735-cd0ab291d1d7','2024-01-19 05:56:48.340672','2024-01-19 05:56:48.340672',NULL,1526800,'2023-12-20 14:59:08.000000','4b4b0e07-95a9-4f7f-9d18-3ea87f6fdffc','267d0560-45db-4ca1-9e9d-96eae1c483e7'),('e6de76ea-7943-4cd6-b7a6-93aa4e8294c7','2024-01-19 05:56:47.713697','2024-01-19 05:56:47.713697',NULL,1555400,'2023-03-30 14:59:08.000000','06928d73-5ab2-41e6-ac65-97bc25032c90','267d0560-45db-4ca1-9e9d-96eae1c483e7'),('e706a415-d25a-4975-b6a9-192d2da6b29b','2024-01-19 05:56:47.601313','2024-01-19 05:56:47.601313',NULL,3417700,'2023-02-05 14:59:08.000000','7c315450-d2a9-4194-919f-d5db8aef6d73','267d0560-45db-4ca1-9e9d-96eae1c483e7'),('e724e99a-a17d-4af5-9d1a-b4b82e185420','2024-01-19 05:56:48.377675','2024-01-19 05:56:48.377675',NULL,3909700,'2023-12-31 14:59:08.000000','64c3ca5a-54d4-4a3e-9db2-07205e0dd7a3','789b7485-e0ff-40c5-8919-661d0f0bd8da'),('e7732387-f122-4c7a-9a6a-ba2740e2bdd2','2024-01-19 05:56:48.181278','2024-01-19 05:56:48.181278',NULL,4197900,'2023-10-20 14:59:08.000000','8376c502-887e-4132-9e26-6e1409650ca6','267d0560-45db-4ca1-9e9d-96eae1c483e7'),('e7d4ee3d-e13f-407b-8861-b10f1b0a9fb6','2024-01-19 05:56:48.094512','2024-01-19 05:56:48.094512',NULL,3983000,'2023-09-09 14:59:08.000000','2b67dbf0-ed3a-4442-8fb8-6930676f85e4','789b7485-e0ff-40c5-8919-661d0f0bd8da'),('e892287b-b8ae-4166-b946-5e611871a6db','2024-01-19 05:56:47.682110','2024-01-19 05:56:47.682110',NULL,4679800,'2023-03-15 14:59:08.000000','8d4d07bf-e484-40c2-a470-01ac4f118ecd','267d0560-45db-4ca1-9e9d-96eae1c483e7'),('e8a4b01d-9830-4641-bae4-8ee03cffdaff','2024-01-19 05:56:47.764924','2024-01-19 05:56:47.764924',NULL,519000,'2023-04-30 14:59:08.000000','ff85e6bd-1815-4628-aa37-c3943c810d25','267d0560-45db-4ca1-9e9d-96eae1c483e7'),('e8b009be-6ec8-47d0-8727-d60f9533450b','2024-01-19 05:56:48.093688','2024-01-19 05:56:48.093688',NULL,4124600,'2023-09-08 14:59:08.000000','5f377e37-a646-4ec0-b99d-073346912a33','789b7485-e0ff-40c5-8919-661d0f0bd8da'),('e8b0a797-6510-4d36-afe3-61161d935724','2024-01-19 05:56:47.863312','2024-01-19 05:56:47.863312',NULL,3346800,'2023-05-28 14:59:08.000000','323b2d0f-8a5e-4f2a-9212-dc7c3025908a','789b7485-e0ff-40c5-8919-661d0f0bd8da'),('e8cb9dcc-9d79-48a7-899c-d76654c877b7','2024-01-19 05:56:47.837888','2024-01-19 05:56:47.837888',NULL,979400,'2023-05-23 14:59:08.000000','8376c502-887e-4132-9e26-6e1409650ca6','789b7485-e0ff-40c5-8919-661d0f0bd8da'),('e918aab7-3597-4b96-8693-54a0b9d3185e','2024-01-19 05:56:48.006331','2024-01-19 05:56:48.006331',NULL,4334500,'2023-07-25 14:59:08.000000','b7294ac0-dd79-4746-a20b-52ca898f1428','789b7485-e0ff-40c5-8919-661d0f0bd8da'),('e926f7b0-65eb-44a9-9a26-19853b453334','2024-01-19 05:56:48.167218','2024-01-19 05:56:48.167218',NULL,1294900,'2023-10-15 14:59:08.000000','6fd6db3b-a515-4ec9-8dd9-1f4702154c88','267d0560-45db-4ca1-9e9d-96eae1c483e7'),('e9354f4b-b414-4809-b349-0bd05e765cae','2024-01-19 05:56:48.240502','2024-01-19 05:56:48.240502',NULL,2058100,'2023-10-31 14:59:08.000000','fedaac60-e4d0-4aba-b458-69060ed6cded','789b7485-e0ff-40c5-8919-661d0f0bd8da'),('e93e74c9-3044-4209-932e-60863c2308c0','2024-01-19 05:56:48.010958','2024-01-19 05:56:48.010958',NULL,3030000,'2023-07-28 14:59:08.000000','a0bc9191-7b0c-4e50-b715-c35ecb7c9cf8','267d0560-45db-4ca1-9e9d-96eae1c483e7'),('e9fd97a0-1f1e-4982-a9d1-9bfea9ddc958','2024-01-19 05:56:47.998798','2024-01-19 05:56:47.998798',NULL,4354300,'2023-07-19 14:59:08.000000','15e2a7e1-3fce-424a-9c93-715826187716','267d0560-45db-4ca1-9e9d-96eae1c483e7'),('ea920b30-09b5-4520-bfcb-4f61ec3a2312','2024-01-19 05:56:47.587336','2024-01-19 05:56:47.587336',NULL,2170000,'2023-02-01 14:59:08.000000','15e2a7e1-3fce-424a-9c93-715826187716','267d0560-45db-4ca1-9e9d-96eae1c483e7'),('eab0c6d4-af40-4e8b-a4f9-1ff3ee8b9ffc','2024-01-19 05:56:48.098490','2024-01-19 05:56:48.098490',NULL,3587100,'2023-09-11 14:59:08.000000','9692a73c-c87d-4f51-b1b9-7d2111084ffe','267d0560-45db-4ca1-9e9d-96eae1c483e7'),('eafea811-ac3f-467c-873a-5b75b4dd71ec','2024-01-19 05:56:48.149719','2024-01-19 05:56:48.149719',NULL,1152400,'2023-10-06 14:59:08.000000','20a920bf-dbc7-4c2b-84c8-d5e828395364','789b7485-e0ff-40c5-8919-661d0f0bd8da'),('eb45dec0-27ff-448a-9381-b16d317679bb','2024-01-19 05:56:47.740338','2024-01-19 05:56:47.740338',NULL,727100,'2023-04-13 14:59:08.000000','40bce365-c6e9-47a4-8877-622cfa07ce18','789b7485-e0ff-40c5-8919-661d0f0bd8da'),('eb685f53-ddc4-4a03-bf5a-0d75a439b6cd','2024-01-19 05:56:47.908315','2024-01-19 05:56:47.908315',NULL,3570900,'2023-06-15 14:59:08.000000','34fbac25-9ac0-4d00-aa2b-8b37dfd6fed2','267d0560-45db-4ca1-9e9d-96eae1c483e7'),('eb835bf3-a199-4095-9d24-5207ae23cdf1','2024-01-19 05:56:47.726632','2024-01-19 05:56:47.726632',NULL,344500,'2023-04-09 14:59:08.000000','3384a0f8-300a-43b1-85f9-1962fb11fc58','789b7485-e0ff-40c5-8919-661d0f0bd8da'),('ec08cebf-bb1e-420f-a23d-1b590498fc77','2024-01-19 05:56:47.687225','2024-01-19 05:56:47.687225',NULL,1621000,'2023-03-16 14:59:08.000000','94b5dd2d-8af2-48de-8fd5-e81d79c2a0de','267d0560-45db-4ca1-9e9d-96eae1c483e7'),('ec1483d3-9ea1-485e-9027-25e05d56c76d','2024-01-19 05:56:47.709265','2024-01-19 05:56:47.709265',NULL,2357900,'2023-03-27 14:59:08.000000','6b9e1d80-63b9-4810-b249-ea1549704832','789b7485-e0ff-40c5-8919-661d0f0bd8da'),('ec3f5728-fd0f-483e-83b9-c73361ddeb8c','2024-01-19 05:56:47.589035','2024-01-19 05:56:47.589035',NULL,4893600,'2023-02-02 14:59:08.000000','084e5b27-e4b0-48f7-8569-76b7a3c5ff6f','789b7485-e0ff-40c5-8919-661d0f0bd8da'),('ec8f2ce2-e4cc-442f-8300-01b41caebd7b','2024-01-19 05:56:48.108510','2024-01-19 05:56:48.108510',NULL,4878100,'2023-09-17 14:59:08.000000','6a8f52d0-03b8-47f6-bbb7-1cfef8eb48cc','789b7485-e0ff-40c5-8919-661d0f0bd8da'),('ecb9434b-0916-415f-87f6-cc8792c584ad','2024-01-19 05:56:48.051706','2024-01-19 05:56:48.051706',NULL,534700,'2023-08-15 14:59:08.000000','c131a2f4-b00c-40b4-a822-ea3b2e7773c9','267d0560-45db-4ca1-9e9d-96eae1c483e7'),('ecc907fc-3f5d-4580-a21e-b254b1e777ab','2024-01-19 05:56:48.199246','2024-01-19 05:56:48.199246',NULL,2861100,'2023-10-26 14:59:08.000000','c131a2f4-b00c-40b4-a822-ea3b2e7773c9','267d0560-45db-4ca1-9e9d-96eae1c483e7'),('ecfbef80-45a9-4607-9a2e-d1913171cab5','2024-01-19 05:56:47.667080','2024-01-19 05:56:47.667080',NULL,4900700,'2023-03-08 14:59:08.000000','3a47f4bd-8271-41ec-8202-20a55565c4b3','267d0560-45db-4ca1-9e9d-96eae1c483e7'),('ed015222-5e3a-458d-a5af-439517be0670','2024-01-19 05:56:48.347161','2024-01-19 05:56:48.347161',NULL,606900,'2023-12-22 14:59:08.000000','fa9d2517-21cb-4b41-aa79-83b653a7c89b','789b7485-e0ff-40c5-8919-661d0f0bd8da'),('ed4eae8a-ed87-47c7-9086-7c20ccc24ddd','2024-01-19 05:56:48.348810','2024-01-19 05:56:48.348810',NULL,2391600,'2023-12-22 14:59:08.000000','3a47f4bd-8271-41ec-8202-20a55565c4b3','267d0560-45db-4ca1-9e9d-96eae1c483e7'),('ed929cb1-9f1d-4175-9a95-6473005b5a16','2024-01-19 05:56:47.558812','2024-01-19 05:56:47.558812',NULL,1482400,'2023-01-20 14:59:08.000000','414a1d1e-53c5-49d1-a043-2f43c9c4d693','789b7485-e0ff-40c5-8919-661d0f0bd8da'),('edb68a2a-633f-4d5c-82e1-2f1f9e4e2ac8','2024-01-19 05:56:48.277341','2024-01-19 05:56:48.277341',NULL,267100,'2023-11-16 14:59:08.000000','d77ee9cb-3588-40e7-9c81-8015f463be43','267d0560-45db-4ca1-9e9d-96eae1c483e7'),('ede5a486-4c72-4e7a-bc2a-963b78cd047a','2024-01-19 05:56:48.263755','2024-01-19 05:56:48.263755',NULL,4666200,'2023-11-11 14:59:08.000000','d97afe64-a2ca-41f8-8c2a-745489adb40e','267d0560-45db-4ca1-9e9d-96eae1c483e7'),('ef1f0b9f-24ff-4332-8026-03bc60e4a3ce','2024-01-19 05:56:48.292414','2024-01-19 05:56:48.292414',NULL,2791800,'2023-11-25 14:59:08.000000','d97afe64-a2ca-41f8-8c2a-745489adb40e','789b7485-e0ff-40c5-8919-661d0f0bd8da'),('ef454766-9e69-4b4e-a8d1-15da0e42c916','2024-01-19 05:56:47.778604','2024-01-19 05:56:47.778604',NULL,2455300,'2023-05-04 14:59:08.000000','6dcd496f-4902-40c2-a665-b7a204232403','789b7485-e0ff-40c5-8919-661d0f0bd8da'),('ef510585-accb-4e70-beff-4add698ffdb3','2024-01-19 05:56:47.917116','2024-01-19 05:56:47.917116',NULL,1219400,'2023-06-19 14:59:08.000000','5e6477ec-b69b-48f8-90a1-f857069ee4f6','789b7485-e0ff-40c5-8919-661d0f0bd8da'),('ef591f91-efa7-441a-9320-46771d36ee90','2024-01-19 05:56:48.046696','2024-01-19 05:56:48.046696',NULL,4795000,'2023-08-13 14:59:08.000000','c64301b0-1a1f-4c49-8a56-01b331724fae','789b7485-e0ff-40c5-8919-661d0f0bd8da'),('ef8077bb-7cfd-468d-ad95-8c576f4c698d','2024-01-19 05:56:47.661603','2024-01-19 05:56:47.661603',NULL,4364200,'2023-03-05 14:59:08.000000','0875b44f-28fa-4322-bb51-b7043108b638','267d0560-45db-4ca1-9e9d-96eae1c483e7'),('f031820d-f677-4fd1-8f18-d37e1257ecc0','2024-01-19 05:56:47.800806','2024-01-19 05:56:47.800806',NULL,194900,'2023-05-15 14:59:08.000000','b7294ac0-dd79-4746-a20b-52ca898f1428','789b7485-e0ff-40c5-8919-661d0f0bd8da'),('f0ebb509-17d6-4a3a-98a4-a3dd8e7b9472','2024-01-19 05:56:48.217395','2024-01-19 05:56:48.217395',NULL,3959000,'2023-10-29 14:59:08.000000','64c3ca5a-54d4-4a3e-9db2-07205e0dd7a3','267d0560-45db-4ca1-9e9d-96eae1c483e7'),('f107066b-027d-4202-ba58-b56e06f8dcd9','2024-01-19 05:56:47.972642','2024-01-19 05:56:47.972642',NULL,2459600,'2023-07-04 14:59:08.000000','32319448-fcf0-48db-bb35-6e9a6714be01','267d0560-45db-4ca1-9e9d-96eae1c483e7'),('f1166844-8318-4ca4-9a2b-02296e17cdc2','2024-01-19 05:56:47.600446','2024-01-19 05:56:47.600446',NULL,4588600,'2023-02-05 14:59:08.000000','4b4b0e07-95a9-4f7f-9d18-3ea87f6fdffc','267d0560-45db-4ca1-9e9d-96eae1c483e7'),('f146cfea-ca72-4c0e-86c4-410e95d45a21','2024-01-19 05:56:47.635442','2024-01-19 05:56:47.635442',NULL,463700,'2023-02-20 14:59:08.000000','906f787c-c86e-4051-b9d7-a75a7fdc98b2','267d0560-45db-4ca1-9e9d-96eae1c483e7'),('f1b026cb-08b0-43db-881c-247f9ab20357','2024-01-19 05:56:47.670460','2024-01-19 05:56:47.670460',NULL,4961100,'2023-03-09 14:59:08.000000','32319448-fcf0-48db-bb35-6e9a6714be01','789b7485-e0ff-40c5-8919-661d0f0bd8da'),('f1fc724d-a21d-47c7-a445-fef21b7c5291','2024-01-19 05:56:48.128639','2024-01-19 05:56:48.128639',NULL,2035500,'2023-09-25 14:59:08.000000','d97afe64-a2ca-41f8-8c2a-745489adb40e','789b7485-e0ff-40c5-8919-661d0f0bd8da'),('f253ad6d-5d81-4fd4-adeb-600d14af5ffc','2024-01-19 05:56:47.690069','2024-01-19 05:56:47.690069',NULL,1370200,'2023-03-18 14:59:08.000000','2c17f922-58e5-41c2-b53e-0dc710248d26','267d0560-45db-4ca1-9e9d-96eae1c483e7'),('f255ff39-1f61-410c-a657-36b997ac3541','2024-01-19 05:56:47.663868','2024-01-19 05:56:47.663868',NULL,4888300,'2023-03-08 14:59:08.000000','4b6bf3e2-fdfd-4695-b2de-5abfa681aef6','789b7485-e0ff-40c5-8919-661d0f0bd8da'),('f27de3ca-97e2-48bd-9f3a-ae1da7932d12','2024-01-19 05:56:47.690954','2024-01-19 05:56:47.690954',NULL,1135700,'2023-03-18 14:59:08.000000','0875b44f-28fa-4322-bb51-b7043108b638','789b7485-e0ff-40c5-8919-661d0f0bd8da'),('f2b511e1-d1d3-4ede-b5ab-54c4966ec982','2024-01-19 05:56:47.710824','2024-01-19 05:56:47.710824',NULL,848000,'2023-03-27 14:59:08.000000','d97afe64-a2ca-41f8-8c2a-745489adb40e','789b7485-e0ff-40c5-8919-661d0f0bd8da'),('f2e24912-c191-4eeb-9882-2430ec99bbe2','2024-01-19 05:56:47.541367','2024-01-19 05:56:47.541367',NULL,4461300,'2023-01-11 14:59:08.000000','bb836b96-0eff-4194-86ac-8b74b649803e','789b7485-e0ff-40c5-8919-661d0f0bd8da'),('f30746d6-7e7e-4ba1-9cfd-fc429210dfd2','2024-01-19 05:56:48.367298','2024-01-19 05:56:48.367298',NULL,758000,'2023-12-28 14:59:08.000000','bb836b96-0eff-4194-86ac-8b74b649803e','789b7485-e0ff-40c5-8919-661d0f0bd8da'),('f318f0f6-4749-4113-8009-4f4409cc9caa','2024-01-19 05:56:48.162349','2024-01-19 05:56:48.162349',NULL,1564100,'2023-10-12 14:59:08.000000','bef4fdba-90ee-4450-9560-2e25eec0348c','267d0560-45db-4ca1-9e9d-96eae1c483e7'),('f31e1eea-1070-4e89-b8d4-769d369b2c5d','2024-01-19 05:56:48.129669','2024-01-19 05:56:48.129669',NULL,1288200,'2023-09-25 14:59:08.000000','2c17f922-58e5-41c2-b53e-0dc710248d26','789b7485-e0ff-40c5-8919-661d0f0bd8da'),('f33bd120-7989-4844-869e-f68d88d9c453','2024-01-19 05:56:47.712117','2024-01-19 05:56:47.712117',NULL,3948700,'2023-03-28 14:59:08.000000','b4ffd3b4-713e-4d67-bd0f-f18940ac7cbc','789b7485-e0ff-40c5-8919-661d0f0bd8da'),('f3a6a66e-a6ca-47e9-8b92-e2fa6a6579ed','2024-01-19 05:56:47.771288','2024-01-19 05:56:47.771288',NULL,2531900,'2023-05-01 14:59:08.000000','6fd6db3b-a515-4ec9-8dd9-1f4702154c88','789b7485-e0ff-40c5-8919-661d0f0bd8da'),('f3d2b821-744c-464c-8a82-866dd6865b89','2024-01-19 05:56:48.015191','2024-01-19 05:56:48.015191',NULL,1341400,'2023-07-29 14:59:08.000000','06928d73-5ab2-41e6-ac65-97bc25032c90','789b7485-e0ff-40c5-8919-661d0f0bd8da'),('f3f58c8e-3bb8-4b75-b518-b77ad8e6d123','2024-01-19 05:56:47.524589','2024-01-19 05:56:47.524589',NULL,513600,'2023-01-04 14:59:08.000000','fedaac60-e4d0-4aba-b458-69060ed6cded','267d0560-45db-4ca1-9e9d-96eae1c483e7'),('f46526da-7cda-4170-9a2e-8cf8793d2679','2024-01-19 05:56:48.175873','2024-01-19 05:56:48.175873',NULL,4558600,'2023-10-19 14:59:08.000000','d304305a-3016-448f-ba0b-44d055567619','789b7485-e0ff-40c5-8919-661d0f0bd8da'),('f479a245-14ab-4258-aa3c-2883f795c779','2024-01-19 05:56:47.777106','2024-01-19 05:56:47.777106',NULL,1114400,'2023-05-04 14:59:08.000000','5e6477ec-b69b-48f8-90a1-f857069ee4f6','789b7485-e0ff-40c5-8919-661d0f0bd8da'),('f4908c1c-8c54-4819-b8db-79ea28fc95e6','2024-01-19 05:56:47.796216','2024-01-19 05:56:47.796216',NULL,3780200,'2023-05-12 14:59:08.000000','6b9e1d80-63b9-4810-b249-ea1549704832','789b7485-e0ff-40c5-8919-661d0f0bd8da'),('f4db1e7f-2a36-4b7d-b673-ac563debd604','2024-01-19 05:56:47.851733','2024-01-19 05:56:47.851733',NULL,725000,'2023-05-25 14:59:08.000000','83dfe0b1-a623-4465-aaeb-f0d54dba6bc9','267d0560-45db-4ca1-9e9d-96eae1c483e7'),('f53a95d9-86b3-4b3d-b065-09e04fb29612','2024-01-19 05:56:47.706536','2024-01-19 05:56:47.706536',NULL,1469000,'2023-03-25 14:59:08.000000','35812de8-43ab-4b9c-a664-1e6af4a08a60','789b7485-e0ff-40c5-8919-661d0f0bd8da'),('f584a7e0-b092-4263-8de3-9ef935f4ebf7','2024-01-19 05:56:47.608060','2024-01-19 05:56:47.608060',NULL,4816200,'2023-02-08 14:59:08.000000','c64301b0-1a1f-4c49-8a56-01b331724fae','267d0560-45db-4ca1-9e9d-96eae1c483e7'),('f5c15c81-02c9-4110-92bf-93e4cb6974cc','2024-01-19 05:56:48.278678','2024-01-19 05:56:48.278678',NULL,3627100,'2023-11-18 14:59:08.000000','2e5b3100-95ab-46e0-af39-fe0228f404c7','789b7485-e0ff-40c5-8919-661d0f0bd8da'),('f5dccb03-5fc0-4c4f-bea0-5ea14ef47ef9','2024-01-19 05:56:47.929387','2024-01-19 05:56:47.929387',NULL,2228200,'2023-06-24 14:59:08.000000','14d08316-a3d3-4e73-bd3c-3aed234fa610','789b7485-e0ff-40c5-8919-661d0f0bd8da'),('f6176036-d9ea-4e40-828d-e3cb58acfbf0','2024-01-19 05:56:47.896839','2024-01-19 05:56:47.896839',NULL,3137700,'2023-06-11 14:59:08.000000','556fd29b-28bf-49c4-8c6e-65f28118f6be','267d0560-45db-4ca1-9e9d-96eae1c483e7'),('f62130c5-e6a7-4b74-82f6-8df5007309cf','2024-01-19 05:56:47.651245','2024-01-19 05:56:47.651245',NULL,2972000,'2023-03-01 14:59:08.000000','163c5d26-ffca-4e9f-854d-e1f37ba0361a','789b7485-e0ff-40c5-8919-661d0f0bd8da'),('f639faf2-dcf9-40b5-83c0-25da20ebbac5','2024-01-19 05:56:47.579455','2024-01-19 05:56:47.579455',NULL,4772800,'2023-01-30 14:59:08.000000','a8a6e225-26c3-4d20-a6b4-2f7c507c3fad','789b7485-e0ff-40c5-8919-661d0f0bd8da'),('f655fc1d-0f76-4f92-ab55-623a208b407e','2024-01-19 05:56:47.608785','2024-01-19 05:56:47.608785',NULL,384000,'2023-02-08 14:59:08.000000','34fbac25-9ac0-4d00-aa2b-8b37dfd6fed2','267d0560-45db-4ca1-9e9d-96eae1c483e7'),('f661cc01-821f-49ff-aa85-d1515c596c02','2024-01-19 05:56:48.352208','2024-01-19 05:56:48.352208',NULL,2866900,'2023-12-25 14:59:08.000000','20a920bf-dbc7-4c2b-84c8-d5e828395364','267d0560-45db-4ca1-9e9d-96eae1c483e7'),('f6cdeef7-7bde-4d54-91f1-3657fb1ea8bd','2024-01-19 05:56:48.296425','2024-01-19 05:56:48.296425',NULL,1924500,'2023-11-27 14:59:08.000000','40bce365-c6e9-47a4-8877-622cfa07ce18','267d0560-45db-4ca1-9e9d-96eae1c483e7'),('f75ddc9c-6de5-4ce0-ba74-5e27bbd8f5b0','2024-01-19 05:56:47.936414','2024-01-19 05:56:47.936414',NULL,1122700,'2023-06-26 14:59:08.000000','2b67dbf0-ed3a-4442-8fb8-6930676f85e4','267d0560-45db-4ca1-9e9d-96eae1c483e7'),('f783e0d6-d61f-4bea-bd0f-cfadb9babbba','2024-01-19 05:56:47.705349','2024-01-19 05:56:47.705349',NULL,3802300,'2023-03-25 14:59:08.000000','556fd29b-28bf-49c4-8c6e-65f28118f6be','267d0560-45db-4ca1-9e9d-96eae1c483e7'),('f7c21305-682b-4840-ad76-9df9913516f9','2024-01-19 05:56:47.623624','2024-01-19 05:56:47.623624',NULL,2796300,'2023-02-13 14:59:08.000000','7c315450-d2a9-4194-919f-d5db8aef6d73','267d0560-45db-4ca1-9e9d-96eae1c483e7'),('f7edbdea-4436-40ea-9d71-3b8bee0b3fb9','2024-01-19 05:56:47.627081','2024-01-19 05:56:47.627081',NULL,4227700,'2023-02-15 14:59:08.000000','ff85e6bd-1815-4628-aa37-c3943c810d25','267d0560-45db-4ca1-9e9d-96eae1c483e7'),('f85e8427-6048-465b-bdd4-15d13b21693f','2024-01-19 05:56:47.676704','2024-01-19 05:56:47.676704',NULL,2396900,'2023-03-10 14:59:08.000000','906f787c-c86e-4051-b9d7-a75a7fdc98b2','267d0560-45db-4ca1-9e9d-96eae1c483e7'),('f8f627d3-8092-43f8-8361-56a30a76e8d1','2024-01-19 05:56:47.798652','2024-01-19 05:56:47.798652',NULL,759200,'2023-05-14 14:59:08.000000','032f81ca-2f18-4830-a4a0-eba888d2023a','789b7485-e0ff-40c5-8919-661d0f0bd8da'),('f8f86e96-b12f-4f86-81d2-1511d7198d76','2024-01-19 05:56:48.172117','2024-01-19 05:56:48.172117',NULL,4787700,'2023-10-16 14:59:08.000000','026cfdf3-d7ee-4b25-84ab-e1bcd185de52','789b7485-e0ff-40c5-8919-661d0f0bd8da'),('f9688b12-296a-4c5c-939d-1c7509162749','2024-01-19 05:56:48.084817','2024-01-19 05:56:48.084817',NULL,681700,'2023-09-02 14:59:08.000000','ac305234-15db-4320-a504-cd2997399b73','789b7485-e0ff-40c5-8919-661d0f0bd8da'),('f99ade99-c4a7-4a6d-91bd-4e9b29b0652a','2024-01-19 05:56:48.326716','2024-01-19 05:56:48.326716',NULL,1770200,'2023-12-13 14:59:08.000000','a0bc9191-7b0c-4e50-b715-c35ecb7c9cf8','789b7485-e0ff-40c5-8919-661d0f0bd8da'),('f9c3410b-2af6-4546-9401-75d892ea3baa','2024-01-19 05:56:48.322316','2024-01-19 05:56:48.322316',NULL,2820900,'2023-12-12 14:59:08.000000','d77ee9cb-3588-40e7-9c81-8015f463be43','789b7485-e0ff-40c5-8919-661d0f0bd8da'),('fa224e1e-8e25-4c1b-bf15-cafb7f58e3e8','2024-01-19 05:56:47.808699','2024-01-19 05:56:47.808699',NULL,1396300,'2023-05-18 14:59:08.000000','880ccb67-8061-4756-bbb8-bf4033660133','789b7485-e0ff-40c5-8919-661d0f0bd8da'),('fa2a3a49-cbe9-4609-8710-95a384969c82','2024-01-19 05:56:48.368166','2024-01-19 05:56:48.368166',NULL,3100600,'2023-12-28 14:59:08.000000','9e59050a-96a0-47a7-80fe-70bf17beeb0b','789b7485-e0ff-40c5-8919-661d0f0bd8da'),('fa9605e2-b0ea-4796-860d-818eef576ed5','2024-01-19 05:56:47.751837','2024-01-19 05:56:47.751837',NULL,417300,'2023-04-19 14:59:08.000000','163c5d26-ffca-4e9f-854d-e1f37ba0361a','789b7485-e0ff-40c5-8919-661d0f0bd8da'),('fb2fd953-2fa2-4cb8-b090-4a30be4cb321','2024-01-19 05:56:47.908939','2024-01-19 05:56:47.908939',NULL,3737200,'2023-06-15 14:59:08.000000','5f377e37-a646-4ec0-b99d-073346912a33','789b7485-e0ff-40c5-8919-661d0f0bd8da'),('fb6b9de5-4cb9-49a6-b2e8-3e0b6241a01f','2024-01-19 05:56:47.982383','2024-01-19 05:56:47.982383',NULL,1761500,'2023-07-10 14:59:08.000000','2b67dbf0-ed3a-4442-8fb8-6930676f85e4','267d0560-45db-4ca1-9e9d-96eae1c483e7'),('fb71f8fb-9839-4d29-bea3-b33408228004','2024-01-19 05:56:47.872405','2024-01-19 05:56:47.872405',NULL,210300,'2023-06-01 14:59:08.000000','4b4b0e07-95a9-4f7f-9d18-3ea87f6fdffc','789b7485-e0ff-40c5-8919-661d0f0bd8da'),('fb8c0d7d-8c2d-4ff3-9183-27edaeaca572','2024-01-19 05:56:47.584046','2024-01-19 05:56:47.584046',NULL,4747800,'2023-02-01 14:59:08.000000','bef4fdba-90ee-4450-9560-2e25eec0348c','267d0560-45db-4ca1-9e9d-96eae1c483e7'),('fba3e539-309d-47d9-9c57-e4bdde0b78a3','2024-01-19 05:56:47.761812','2024-01-19 05:56:47.761812',NULL,435700,'2023-04-28 14:59:08.000000','ed95d054-e902-4bd1-a83d-84c68d68d298','789b7485-e0ff-40c5-8919-661d0f0bd8da'),('fc370e30-89c2-4ae2-a490-da2341f3c063','2024-01-19 05:56:47.708546','2024-01-19 05:56:47.708546',NULL,267200,'2023-03-26 14:59:08.000000','9692a73c-c87d-4f51-b1b9-7d2111084ffe','789b7485-e0ff-40c5-8919-661d0f0bd8da'),('fc5a65b5-9dbc-4a9f-b7b8-64f0e1667d28','2024-01-19 05:56:48.109033','2024-01-19 05:56:48.109033',NULL,1224700,'2023-09-18 14:59:08.000000','55151100-282e-4a75-8f99-53b5af7968d9','789b7485-e0ff-40c5-8919-661d0f0bd8da'),('fca75c1c-3709-4518-8bea-77a21feedf6c','2024-01-19 05:56:47.695411','2024-01-19 05:56:47.695411',NULL,4123000,'2023-03-20 14:59:08.000000','6dcd496f-4902-40c2-a665-b7a204232403','789b7485-e0ff-40c5-8919-661d0f0bd8da'),('fcdb8d53-d010-46c6-ab06-d1a2304467b7','2024-01-19 05:56:47.896206','2024-01-19 05:56:47.896206',NULL,3375900,'2023-06-11 14:59:08.000000','8ad38415-e27e-4a21-a7c1-9616b04cfb7c','789b7485-e0ff-40c5-8919-661d0f0bd8da'),('fcec6377-c68c-4701-910a-15bbba4d90a9','2024-01-19 05:56:48.125024','2024-01-19 05:56:48.125024',NULL,4946300,'2023-09-24 14:59:08.000000','4a6b7467-d821-4578-8886-a655e8295e26','789b7485-e0ff-40c5-8919-661d0f0bd8da'),('fd01d613-58b3-452c-a0a2-130c4484b190','2024-01-19 05:56:48.315035','2024-01-19 05:56:48.315035',NULL,2211500,'2023-12-07 14:59:08.000000','b7294ac0-dd79-4746-a20b-52ca898f1428','789b7485-e0ff-40c5-8919-661d0f0bd8da'),('fd10ffc5-17e0-405d-b466-98c21d786229','2024-01-19 05:56:47.616260','2024-01-19 05:56:47.616260',NULL,4570800,'2023-02-10 14:59:08.000000','6b9e1d80-63b9-4810-b249-ea1549704832','267d0560-45db-4ca1-9e9d-96eae1c483e7'),('fd782ca5-e126-434e-8309-00a0b9dd47b4','2024-01-19 05:56:48.366635','2024-01-19 05:56:48.366635',NULL,3762100,'2023-12-28 14:59:08.000000','8ad38415-e27e-4a21-a7c1-9616b04cfb7c','789b7485-e0ff-40c5-8919-661d0f0bd8da'),('fda523df-c7e3-4269-828b-34c5b8fba42a','2024-01-19 05:56:48.354183','2024-01-19 05:56:48.354183',NULL,1252100,'2023-12-25 14:59:08.000000','2331faae-2959-4d71-8ee5-432e0ecf2618','267d0560-45db-4ca1-9e9d-96eae1c483e7'),('fe7e4293-643c-4b92-8911-49d24c4a39e6','2024-01-19 05:56:47.696070','2024-01-19 05:56:47.696070',NULL,3144000,'2023-03-20 14:59:08.000000','bb836b96-0eff-4194-86ac-8b74b649803e','267d0560-45db-4ca1-9e9d-96eae1c483e7'),('fe90f1e1-77be-4098-9e6a-ce62280f2843','2024-01-19 05:56:48.080645','2024-01-19 05:56:48.080645',NULL,4677200,'2023-08-29 14:59:08.000000','8ad38415-e27e-4a21-a7c1-9616b04cfb7c','789b7485-e0ff-40c5-8919-661d0f0bd8da'),('ff3dd609-0eb7-4bd7-8462-dca7ba4afa80','2024-01-19 05:56:47.731447','2024-01-19 05:56:47.731447',NULL,4158300,'2023-04-10 14:59:08.000000','a8a6e225-26c3-4d20-a6b4-2f7c507c3fad','267d0560-45db-4ca1-9e9d-96eae1c483e7'),('ff92073b-a689-4285-8dca-074998b81bf5','2024-01-19 05:56:47.993392','2024-01-19 05:56:47.993392',NULL,2071900,'2023-07-14 14:59:08.000000','fedaac60-e4d0-4aba-b458-69060ed6cded','267d0560-45db-4ca1-9e9d-96eae1c483e7'),('ff95eac5-962d-4c94-8200-01833d89cb03','2024-01-19 05:56:47.729025','2024-01-19 05:56:47.729025',NULL,959200,'2023-04-10 14:59:08.000000','a531b94d-d879-4139-a506-d682bdaf4506','789b7485-e0ff-40c5-8919-661d0f0bd8da'),('ffc278bc-d76c-42e3-90e9-8580feae8c40','2024-01-19 05:56:48.030081','2024-01-19 05:56:48.030081',NULL,1612600,'2023-08-06 14:59:08.000000','d77ee9cb-3588-40e7-9c81-8015f463be43','789b7485-e0ff-40c5-8919-661d0f0bd8da'),('ffca7f09-b73c-469d-8379-960f329fdc7e','2024-01-19 05:56:47.923738','2024-01-19 05:56:47.923738',NULL,570300,'2023-06-23 14:59:08.000000','5e6477ec-b69b-48f8-90a1-f857069ee4f6','267d0560-45db-4ca1-9e9d-96eae1c483e7'),('ffdb55bc-564c-49bf-a0e7-7e3da6634b5d','2024-01-19 05:56:47.627935','2024-01-19 05:56:47.627935',NULL,3349400,'2023-02-16 14:59:08.000000','b2cf622e-eb4f-48f3-bb7c-cfd38353e5a0','789b7485-e0ff-40c5-8919-661d0f0bd8da');
/*!40000 ALTER TABLE `order` ENABLE KEYS */;
UNLOCK TABLES;

--
-- Table structure for table `order_type`
--

DROP TABLE IF EXISTS `order_type`;
/*!40101 SET @saved_cs_client     = @@character_set_client */;
/*!50503 SET character_set_client = utf8mb4 */;
CREATE TABLE `order_type` (
  `id` varchar(36) COLLATE utf8mb4_general_ci NOT NULL,
  `created_at` timestamp(6) NOT NULL DEFAULT CURRENT_TIMESTAMP(6),
  `updated_at` timestamp(6) NOT NULL DEFAULT CURRENT_TIMESTAMP(6) ON UPDATE CURRENT_TIMESTAMP(6),
  `deleted_at` timestamp(6) NULL DEFAULT NULL,
  `type` varchar(10) COLLATE utf8mb4_general_ci NOT NULL COMMENT '타입',
  PRIMARY KEY (`id`),
  UNIQUE KEY `IDX_f87288ee3e0df7cb3598ab8896` (`type`)
) ENGINE=InnoDB DEFAULT CHARSET=utf8mb4 COLLATE=utf8mb4_general_ci;
/*!40101 SET character_set_client = @saved_cs_client */;

--
-- Dumping data for table `order_type`
--

LOCK TABLES `order_type` WRITE;
/*!40000 ALTER TABLE `order_type` DISABLE KEYS */;
INSERT INTO `order_type` VALUES ('267d0560-45db-4ca1-9e9d-96eae1c483e7','2024-01-19 05:08:12.201493','2024-01-19 05:08:12.201493',NULL,'order'),('789b7485-e0ff-40c5-8919-661d0f0bd8da','2024-01-19 05:08:12.199193','2024-01-19 05:08:12.199193',NULL,'refund');
/*!40000 ALTER TABLE `order_type` ENABLE KEYS */;
UNLOCK TABLES;

--
-- Dumping routines for database 'db_two'
--
/*!40103 SET TIME_ZONE=@OLD_TIME_ZONE */;

/*!40101 SET SQL_MODE=@OLD_SQL_MODE */;
/*!40014 SET FOREIGN_KEY_CHECKS=@OLD_FOREIGN_KEY_CHECKS */;
/*!40014 SET UNIQUE_CHECKS=@OLD_UNIQUE_CHECKS */;
/*!40101 SET CHARACTER_SET_CLIENT=@OLD_CHARACTER_SET_CLIENT */;
/*!40101 SET CHARACTER_SET_RESULTS=@OLD_CHARACTER_SET_RESULTS */;
/*!40101 SET COLLATION_CONNECTION=@OLD_COLLATION_CONNECTION */;
/*!40111 SET SQL_NOTES=@OLD_SQL_NOTES */;

-- Dump completed on 2024-01-19 17:54:09
